"authorId","affId"
"1780129","8bf08a89-a297-47d6-ba5c-10f42b837bd1"
"1690314","146e324b-d8e3-43ca-a610-4696a1773125"
"6934879","0133d77b-60f6-4d74-9da8-421a7143c7a6"
"1753655153","b5e10599-15b5-4f90-beeb-b040d3b04cfa"
"1725561","cb1b3785-e2aa-4590-b9cb-32bc3a58cc0c"
"32970672","0c247919-f7d8-4e46-89e7-afcd69d44cb9"
"8168617","668cf978-9ca8-4683-9275-a3bd298a979c"
"145646411","3aa663c6-9d28-4c36-991f-a6064ac3d52e"
"38175231","4710d025-184e-43fc-ad74-f54fad178f31"
"7166078","142a4420-6a7c-4462-a000-35efd6f4247b"
"2105167644","5017081b-9e87-490e-87f9-885efc8d603b"
"4908451","033c05a9-6b45-45a5-861a-261a9b8db8d8"
"2128242","1ff3bc7a-e81b-4040-9567-67ff6c73efe9"
"1776006","8926a8df-0998-4fba-bba5-f62faedc5c68"
"144425777","60f5e955-831c-49b0-8de7-d7ee966a47ca"
"2151036959","f7d1c9ca-0329-41b5-9bb1-9d504da71b67"
"51214022","5facee4f-c6c2-494e-9213-67e83783daf2"
"15229313","029afdf5-fb8a-466e-b4af-39b03d638dd3"
"4857416","f3673396-a074-4b19-b1a9-59996d8b19e1"
"2154871075","2dbfe82a-fea5-4207-852c-88967b3376af"
"1790638","e994ba55-4b6e-401a-86de-bb8175868255"
"9429983","40f8a715-9800-495e-bb45-10f81b8be61d"
"89353599","e3c06b5e-4cd9-4b60-9ed9-cebb2eee241a"
"50024676","2b90005b-a4e1-4655-88a9-6135139b3a2b"
"2613576","ef1e7746-6388-45f2-94a4-b9196b85e693"
"1410073523","33f4832e-4979-4ac8-b170-40903fbdc893"
"34647353","5694abb8-20df-4a59-b9c5-0220ef7eb443"
"144873019","1da89a86-a732-40bd-a660-fb72464c221c"
"3198533","6738f5fc-01a8-481c-9846-cabb18827f76"
"46598470","3fb63d54-c7a9-465c-8801-5ba03849e7f2"
"2282995904","cb1b3785-e2aa-4590-b9cb-32bc3a58cc0c"
"145790187","34c81124-9000-44cc-82bf-ed54d224c0df"
"8791444","9fb652e5-2213-4d14-a818-793ce0eb83ae"
"5535903","1c54ade6-c1f1-42bd-84d5-267ca129d4d3"
"144240262","47e58eed-894b-409a-a256-d5bf1644878f"
"46454409","80f3b013-97b2-4d88-b676-81f7c41ec36b"
"8210161","c75f83b4-c6a7-4fb5-aed0-c1f97ad855fa"
"1788563","e3556cb9-9ae1-48a2-8716-f42e137b1ceb"
"3303764","3265e07d-07d8-4736-a829-fbee21f42826"
"144608002","c19b8c8a-0afa-4971-8ef5-59a6243bf525"
"1402022941","99fd10fc-5dcd-42bd-955b-793aff636ab8"
"2209610","ad6e45ea-cc67-4476-b68e-5f7257f78af9"
"4564433","3ad4e156-d95e-4dc1-b6e3-f4b67be0a35b"
"50333071","9cec03a0-bf36-421a-bd77-30bec2dc8149"
"2205296666","8f3baf35-5d4f-4c0a-9573-26be50786c27"
"1395555649","97a2a5be-fee8-4615-a63f-0a394ea84a35"
"2300313784","926c316d-1942-4fae-bc36-290189ab24d8"
"146092290","f3b0c705-ed63-4475-ac47-e9ebad1f30d7"
"2209610","0d4ae1d5-4eab-415e-8d1f-020602885e99"
"71753515","68a276d9-3c30-4a9d-aed2-d548416c60ec"
"2903377","5f9f17f3-edf6-435c-9d87-acdf4c5c6637"
"49770052","31daf9ee-8a4f-4222-8115-870b4e183799"
"144125715","4c8f6e91-5430-4db2-b915-65fb5afa18fd"
"48183502","680e2bd3-88a0-4426-9c8a-6dcc4ac76dc1"
"2156929752","9faff19a-1b26-4ca2-9401-ae7ceebf92e4"
"145185887","1f4c0265-c9eb-44c7-bdca-5eb6053162d8"
"102775580","9a5f40f9-b23a-4427-b1c3-6a7d7b2cad96"
"51314470","dbfa7448-fe1e-4791-b280-98f2c5bbc668"
"1746338","2dbfe82a-fea5-4207-852c-88967b3376af"
"3218095","1fd54f5f-3e1a-45e2-837b-757c5c9d03d6"
"1398441802","cfad0507-296a-41c0-8cb1-9030ac773abc"
"2070467423","e3f71512-a0f0-4dfa-93d6-a041dc54bbd6"
"4213990","34748cfa-06b3-42c7-99d2-29d4231eefe3"
"2173870813","01f78b03-beaf-4b46-bde2-5b01549b2475"
"1658876865","75b01e39-c9b7-4d8d-a3a1-73cc0d493850"
"2157835870","af06c120-be05-4c54-af65-8ad6fa83db17"
"2210267033","5b1492f9-0ec1-4bf7-b98d-41920a65f74e"
"143667142","5cabec34-a780-4395-9570-61b6c71f0929"
"2913270","793f4d3d-7d2a-4214-92c7-19717a7fbc48"
"5973291","34f4a585-ef5e-4aec-9a73-7ad236edb5d2"
"15217571","a09a4964-1c87-4469-aeca-9935cb293321"
"50244280","fc750ca3-5ab3-4cd8-ba0d-0488877f2bf6"
"145679787","ebcb56dd-2374-4e27-b400-114846fc9871"
"146694043","517990f6-8466-4638-bf8d-c95de5ce7a5f"
"122699959","5c552387-369e-4bc7-9ac4-636422644a92"
"150930885","f2d3dc75-b56b-4d0c-b895-a26fb8a96944"
"1945146635","afb687e5-e016-44b9-8b13-7cf442a61cc0"
"39651800","52781f47-97a3-4026-b458-3f97a79d4824"
"47307908","7d34f466-132e-4ce6-b4bf-652e88a9766a"
"2890443","c9809bb4-15d2-4a0e-8bbc-828a97d396ce"
"1961145","50636adc-3e0a-4f34-8ef8-4dd6ec89199d"
"145898058","fb732ce4-9b59-4022-b63a-bcd76f09b3e1"
"2060121253","44d42342-8f93-445b-8b7d-d3251fab4aff"
"1725561","aa3fa9d0-9127-4f36-99b3-985d6da3a74a"
"2188004","568d2dd1-38a7-4ee0-b604-de420d975ccc"
"145267753","7ae820fe-2e24-4a49-bd82-e19a3825b167"
"1441290951","594d0ca8-3306-4254-a5b0-d4edd295efbe"
"1490676863","0201081d-6a31-4d6b-8986-f653b13c5d13"
"2767340","772dcad0-ec3c-4ae5-8603-ea92d394f6b4"
"5137959","e38620f4-dc71-407e-abb5-273fef4cfcb6"
"33985877","3d183a93-c50f-4a73-8680-d34b4cc32335"
"2109584311","d63f69c8-3978-4461-9cd1-599578cd3309"
"49708660","ff7fa385-ca51-4a6b-aeb6-31b67a864f4c"
"1380911859","88407262-a384-4251-a312-29b02c13ef75"
"1840402","0354c775-cdba-43dd-876b-eec063cd94a9"
"2338883","95975051-96dc-4e09-b094-d3e8ff9a4c0c"
"49161536","7433c225-58ed-4e9b-a2e2-a6e554da3e65"
"143657833","7433c225-58ed-4e9b-a2e2-a6e554da3e65"
"51922853","d19e252a-5a7a-4879-a3e8-8966a8e9460f"
"2145641810","d0b3cc27-1b5f-4f80-a7bb-413ff4bdfb5c"
"153456203","886a6d22-2ae2-4017-9f24-80a5493a08bb"
"1772549","0898b158-c7ff-4bc6-bd88-44b6f18eac49"
"36050276","ef778ee9-c83f-4f0c-a293-68c495e2e98b"
"2679144","a59b5811-48d5-4e82-9ce2-1272039a58b4"
"2512282","fa1a092e-3a74-45a5-a349-7e58d59763c8"
"2357626","7ee985bf-afc8-44af-90c6-79bdc41d0c73"
"11135785","d330c709-1c53-4fcd-87bc-c6ba38c54ecf"
"1747132","81a943a1-9dd0-4f80-a756-7450ad1d21eb"
"2108711613","d60c00c6-f471-466d-bb53-fed332341e57"
"2146399064","99b516c7-a9fa-41f9-b6aa-b300c47996ec"
"23999143","8dd299a0-f4a1-46f8-9456-5a07f55e9d00"
"144843868","cb1b3785-e2aa-4590-b9cb-32bc3a58cc0c"
"1412989341","2c33aeb0-0b6e-439e-80a6-7af52d914d27"
"12736061","1aba52e0-b0ba-4812-a5bf-01c93feb33f2"
"1910509","bc5bedf5-4022-4807-a669-cd1456e6af74"
"143908230","0deab9ce-c867-4ccb-bd49-405ca43561fb"
"3060913","cb1b3785-e2aa-4590-b9cb-32bc3a58cc0c"
"5695198","badf36e8-b358-4eb7-a35d-e2816b6727b5"
"145898058","2ac8f681-0426-4f17-952b-8277010accf2"
"145317224","975a9e1c-6907-4a0b-8d01-d4a5ee17718e"
"3120037","5f463d72-4881-416a-ad94-8800376299ff"
"1736800318","ac91c8c1-c383-4423-a7fe-b59f1a593875"
"80083779","7b768dfc-d0eb-40f5-b25c-2a838691cd1f"
"116603382","4f22e34c-61bd-41bf-8dde-54c2e5070c15"
"2512282","3db80193-4e72-473f-95c1-99301492c846"
"2213077931","9d3082dc-3ee2-40c8-9118-1682001fb008"
"2187454154","2c1fe863-87e5-4b7f-ae94-3db40eee699a"
"48018833","63da2f11-a9a2-43d7-b9bc-efe3aecb7fce"
"1820839779","85cddba6-875b-41c4-a39d-2bc89b9382ea"
"91723363","30614236-096c-4b23-b9a1-fad6b0c922e8"
"5669049","2f8c8b1b-f30a-42a9-94f3-8b7f889e3836"
"2091828354","cb1b3785-e2aa-4590-b9cb-32bc3a58cc0c"
"12072622","1dfc29e4-fb24-46f5-a5eb-14e79b03e27a"
"152591910","2682412b-dc02-4d07-ba8b-a2ad2e53a9ac"
"147792322","2d77126c-b6b0-4475-a1ce-6a2e7fa28329"
"91723363","3dabad0c-1a87-4c24-8593-af3ebf3e2021"
"2505315","c047c2eb-1cee-479f-be34-6901dbe0431e"
"2026699271","4dd459c1-6aa0-4f15-8021-e735b5653774"
"1862330484","6692c4d7-1f7a-460f-b1a9-9ee32cc70669"
"2262993","b1a0c6b4-216f-446e-ba8c-ce391e3a7739"
"71440674","cadf4411-dde1-44e4-aa5e-b3a196e023e7"
"3242916","e52be8fd-b06e-4279-afc9-925642296276"
"1832014","54e01360-0132-4c6f-a813-8bc1a11d04ae"
"1700953036","3836f848-7af6-4972-bdfa-83e8d2bf400c"
"1684455","a836d5d2-dafd-4622-ba93-3cb695fcc864"
"144248374","7c98ce75-dfeb-43c5-a9c7-afd48647e799"
"1390624042","6188f249-bb67-43d4-aa6d-daca7e806d78"
"1734221","7433c225-58ed-4e9b-a2e2-a6e554da3e65"
"144824187","3150bf17-8113-40ac-a66e-391bce8776a5"
"1394547491","ad6e45ea-cc67-4476-b68e-5f7257f78af9"
"48042255","a7751261-0b69-4bcf-8f6c-2e3cb4172cc6"
"49708660","67784428-0f0e-4d8b-9a53-58a7a6cfb1f6"
"3224927","0a560b2d-b8fc-42b5-91c6-02ccb836f8c1"
"97510715","9db784a2-039c-4618-93fd-4d2a246e98e3"
"145836234","ab37cea9-99ac-4b2c-bb97-27499dfbd202"
"1441290951","8e68f5ff-c732-41be-95f0-bdf2204d8451"
"2116921824","cadf4411-dde1-44e4-aa5e-b3a196e023e7"
"1388208663","b4190cb2-b15b-4b0a-beb2-e26742441ae7"
"1753656115","b5e10599-15b5-4f90-beeb-b040d3b04cfa"
"50097294","4a56af88-906d-4fca-8d86-e98f786d136e"
"144486540","5d7f3efe-f999-42fa-9187-d965049adbc0"
"47495965","3e57c2a8-85f7-49de-879b-e375e85d421b"
"103212603","d0b3cc27-1b5f-4f80-a7bb-413ff4bdfb5c"
"92148538","f6f24300-2bc4-40ee-9c5f-b448554110ab"
"9638999","daabff4b-b047-4f66-940e-fdaa7358b0ba"
"2715774","e23c189d-c041-4b13-a09e-f3e1b4be1975"
"152924492","8305ccb1-31f2-4409-bf23-d0be4010f3be"
"47307908","8cbdfa9b-6fc5-476c-8b58-383e84d34074"
"51300724","b5af6c89-922a-458e-b19e-a408e9c00ee1"
"2124414085","646aaaf4-47e4-4a8b-b44f-05dc4dbbc47e"
"2891310","169cdbb0-6bbb-4b56-bb22-3c20f35f7046"
"1395555649","f77207e6-9e59-4d9c-9b41-1900ce7def39"
"152867916","b453a313-32bb-49a1-9365-9825cf48eb71"
"144055692","a98f57f1-3d97-4053-bbfe-1b908c48d7c1"
"1735962","568d2dd1-38a7-4ee0-b604-de420d975ccc"
"17131423","e3611dec-f746-4394-8ba8-b610bff6ffa3"
"4169195","33e16d22-1855-4e68-bc61-4d155dfdfbaf"
"7156360","8926a8df-0998-4fba-bba5-f62faedc5c68"
"2553299","0427714e-e25f-4e53-9076-433605a91b19"
"50994468","a2e26537-4c09-48a5-8528-6d50ac70f23f"
"30031195","0b74473d-e14b-4439-831a-3931b062e816"
"2664122","cb4bda3d-2430-48d4-bee5-da55bbddac93"
"32001344","839853b6-a070-47df-8cf2-9539dcfc9cad"
"48673461","d3f6869d-1488-4c80-a02d-46d82fc792d5"
"1945146635","c428fbe5-f774-4174-bc6e-14c2ee68ee85"
"102719269","28870ca2-1847-4bb4-a501-ade647c2c3e8"
"40455678","34f0bb75-afdf-44ef-a5d9-24dfa8cad3cf"
"46598470","771fb7c7-e6ee-4a9a-b363-224f7e87d154"
"13838086","75b01e39-c9b7-4d8d-a3a1-73cc0d493850"
"143619160","b906e324-3e63-4998-960f-411f3e66554a"
"7891951","530ec954-fb81-488d-81d0-35029a4db76e"
"2536934","15307586-b9d4-456a-8912-cd2a13258615"
"1801959","3a6abb08-e50b-44d2-b063-071d64b5c9a0"
"93698691","67e7ef69-2f60-4609-a988-e59eccaab1e9"
"145394553","f028cd12-8daf-427b-ad41-87067bc1bf12"
"8132473","9d7e9a9e-3555-4b3e-a456-5b357d24946e"
"2745102","d4e7814e-3cd3-4b55-af1e-f3797a50712f"
"3286457","188faa51-7ddf-4c3b-ab47-60b7a2c43137"
"145153424","ebe24887-c6b2-4941-94c5-0cc8a71d5687"
"145917501","e71c20ee-228e-4894-ac21-bf91342464e2"
"1953035643","3034a05c-25d6-43a4-984a-44d21199b62a"
"144064905","fa1a092e-3a74-45a5-a349-7e58d59763c8"
"9392149","f18e6c04-45e5-4390-a03b-9ddb01575057"
"2267522","7d43c6be-4a7a-4387-947a-a79b9013f454"
"2155125051","98e26aed-4571-40e9-a1f6-e2d99956883b"
"1718355","75b01e39-c9b7-4d8d-a3a1-73cc0d493850"
"1721328","e9d40773-6f3e-424b-9cf6-015bacaf9d31"
"2678472","94ef570f-54bd-44d1-b8b7-c846f55d4824"
"66675505","3fbc08d3-4466-4ab9-9364-379a48933a52"
"145505727","7d537b7f-0032-4dad-a880-fffa81beb4b6"
"145239852","4b65c13d-8d77-46bf-af22-fd975dce432b"
"1731318","5db4ac6b-eb09-43b5-884d-503fc66c69f6"
"32299476","7ce3ca10-c86c-47d4-87fd-f0d9443a031d"
"2282093441","761c4400-a921-4834-b4ea-ce414153ad47"
"2298857218","c6b8c538-01e2-41d5-952f-30cc93e21460"
"1380742035","da4caae7-da45-4b3e-b391-8a000a93f585"
"5103364","60e16f28-5e92-4a29-8339-ee02896d6b08"
"47957054","527f5302-b505-4082-a072-0a4fb9db4445"
"38295373","edef9ba9-eb9a-4438-bac9-9c2ac142d0aa"
"144433010","31daf9ee-8a4f-4222-8115-870b4e183799"
"47827007","66521739-4e30-4080-8414-a085e72ade0f"
"1772549","7030f08b-3dc4-4fa3-b160-a0fd350e0093"
"145559070","fcfe6b45-8ecc-436d-8906-2d10857ad2a7"
"92670889","f3641210-658f-44ad-8c45-a8743cf877ba"
"1717493","ad6e45ea-cc67-4476-b68e-5f7257f78af9"
"144361874","e572180e-5730-41e2-9a7e-f72bdfcb3dbe"
"2178547","c32bd4aa-ba36-499f-aee1-fcf1fa58b1d6"
"1456147509","f2d75483-b011-4f22-99cb-3d7ccec5f765"
"65920960","3369ee60-011e-4289-a597-8495467129e4"
"90061586","df21819f-9ecf-44de-87ab-a848fda1c11a"
"102251951","1e44874f-2316-4fcb-889b-9d497ef08a5d"
"3393476","a09a4964-1c87-4469-aeca-9935cb293321"
"73057737","63a23545-2c6d-4fcf-8ead-4997ca3dc850"
"2168997084","6a2bf580-302e-4d52-a903-42709b93e59e"
"1730225","fba45b9e-c872-4993-8b53-03cd2e762102"
"31819161","10fe3768-3f10-41ee-9ae8-ecded24ec484"
"145898058","1ee64ebd-43fa-49ec-be5a-2af4e3d3dd8b"
"2265158659","1e41c46c-8a5d-4698-ba36-02145ab93cd7"
"2863726","ab37cea9-99ac-4b2c-bb97-27499dfbd202"
"5398752","567bf018-3123-473c-8788-6be8f0da457d"
"8090366","fa1a092e-3a74-45a5-a349-7e58d59763c8"
"145197867","cc5578c3-dff4-4261-ba25-4dd83384b20a"
"1820928200","b3309b4f-fc4b-4e94-8c44-f0f157c66457"
"1726050553","486254ae-e25e-4e3b-9c41-b677e9ff2ab8"
"2045980201","541d0cc8-4a72-48d9-af2c-f3b48a03cdb5"
"2371703","93800c33-dd0b-49c2-b6de-993426c04d3f"
"2108711613","247cbe79-4118-41b4-8035-de7886ff8473"
"50351708","aac30363-3d38-44b1-9da6-b4ff63780c26"
"51891870","3f07931f-a470-4df2-bfcb-1a64f32ce06c"
"2144604120","a0b82463-2ba5-4c25-8ce8-e399ecd2d3fd"
"51937980","589e7bc3-e3b5-4a74-94aa-80820a869f2c"
"1602246622","7d43c6be-4a7a-4387-947a-a79b9013f454"
"2109360977","d63f69c8-3978-4461-9cd1-599578cd3309"
"2311419313","d1fc1d63-e060-4433-b419-6a555e033104"
"2289236","b35513e0-0da9-411f-b684-6101bf9b350d"
"72695866","d8510428-4d68-4079-b938-af7e9eaa7eb3"
"145363456","d65fe5ff-1be5-4581-9042-204da960592f"
"69486668","b75b5c67-18f7-4d5c-ba34-831e242cd286"
"144472713","e2b29930-4ab9-4571-a272-17e93d436379"
"1840402","fe798839-c6e3-45d5-a116-d6cf1ccc4343"
"1691997","3755b226-f389-41c2-a2ac-cb133f7342f4"
"1718274","3b19a4fb-5046-4d8a-add0-ee4a29e33556"
"2057866297","b5513920-be6e-4265-8d4c-8926ef8f1369"
"3079694","cf43ecee-7e55-498f-8510-03478f779a6b"
"2088496696","8875d788-c321-4c12-bd87-e1121ce335de"
"48420048","fe1e9f72-08fd-434d-9cdc-37778d587b68"
"37327941","65545498-a19a-425d-b485-c73e891ddbef"
"145197867","e994ba55-4b6e-401a-86de-bb8175868255"
"1752093","f59126a3-cb7b-44a8-8e78-c5d53030d5ad"
"1746733","8b02b0d1-ee94-4479-bbc4-e33402180ac4"
"145237361","cb1b3785-e2aa-4590-b9cb-32bc3a58cc0c"
"1772549","12a2aec6-9f05-4433-8a8c-45e2ef0a0572"
"1956589","cce5c5d7-e87d-4758-9fdd-1d6557857b08"
"37785838","3dabad0c-1a87-4c24-8593-af3ebf3e2021"
"89099304","7224315b-376b-4d69-9e89-bc6099bb3d01"
"1881453937","dd712bb3-ca04-4742-adb2-262aaff9c882"
"40574640","3ebb6596-2735-4df3-b30f-dcfc283a3300"
"2325039486","49f49456-7ec1-40ac-ac8f-fb25e928a883"
"112891138","49eb4f7c-53f1-462e-b455-f1cd2bf86f26"
"2112197220","a158a54a-27ac-4174-aed3-64674697ee4d"
"34336847","86b0c114-2402-4f26-bfbe-002421febdd8"
"31328150","8e35d156-9cc2-428e-a9bb-1195ddf0f218"
"37638255","8b4f62de-8785-4550-bd69-4c9356ec3c3a"
"3065622","cbc6a60f-c509-47a3-ade4-9a08be503e1a"
"1995831806","247e1794-782e-4cc4-934c-30d07ff6c912"
"9416328","9d1f670f-f3e1-4b48-8ef3-e806fed47c8b"
"48539022","687646bb-fbf2-474b-8b6f-8024b35687ab"
"145197867","004acfdf-2277-4b02-947f-c875f7049f42"
"144802290","a09a4964-1c87-4469-aeca-9935cb293321"
"2091828354","6d466739-634f-4454-9e0c-3adb67c0aad6"
"145585312","b6778b1a-de54-4610-8932-9669f7a1c19e"
"33665651","50e39545-c0c1-4e04-bc3a-4ee9217b6f6a"
"5790722","8d2a52d6-3015-4b19-a3ef-e4eafa08b927"
"2135548959","b9ba3428-2f34-4493-85a4-85b2b594100d"
"1405522947","320d7101-246e-4c28-8ad0-b3cdfbdbeab8"
"144054829","0304d75b-b0ae-45ab-9abc-aff72869cec6"
"1715020","4b3191bc-7ab2-425f-b73f-2c63046f8d99"
"80105535","79d22175-a701-4946-8a4a-fc02e9f28f49"
"2134990618","bc937541-4718-49fc-9653-86af906f333c"
"2974531","f99ca8df-0616-440d-8f98-7cd1237853bc"
"28088935","23303b22-21b2-43d4-90af-c979da616f68"
"8156143","8a98f92d-3ea1-4736-a1ef-1b7ce2d0b53c"
"2035863","eaf31a29-8dd9-48bf-a90a-06623d322b81"
"145740294","97e13218-4a0f-43ca-b341-5bb490d7968a"
"2048006636","fa15d85d-66e6-4801-88fe-de96cb189da5"
"144708819","26c504f6-a423-4954-afaf-2d12ed198a88"
"144950569","475389f2-225f-4050-ad20-1bac783c62f0"
"49504655","a9f84bcc-d338-4c0e-9603-ed98fd0e4aba"
"2265158659","087281ba-9a16-45f4-9257-18f8da7808d2"
"4123730","40381028-fe02-4f28-aa12-81f5c46b8722"
"153473321","70976d0f-20c4-43dd-bf84-657400c4e284"
"1398412796","1e4ea463-b5d6-43e3-b682-ef340085ea3b"
"1694815","d63f69c8-3978-4461-9cd1-599578cd3309"
"48210927","057a06b0-94f1-4a52-885e-eefd5a57223e"
"1728643","ade369ef-9ef0-4c0b-89a9-a3e234d4ea3a"
"2916311","5de7818b-3d49-486d-a57d-f43b3dd458f8"
"2109332493","f27051d5-4630-4938-bfeb-e84d6d2bd8dd"
"2148955026","f02b854e-70d9-4c61-9d86-62a73eabb1cd"
"108766082","2e158143-7582-4560-9ac9-bf085c18abdc"
"32299476","f47d3256-8f9b-4ad0-885b-cf66a7dcfdad"
"40031961","736a3046-8fc8-4894-9c80-b44b5f0bab6d"
"13627321","cc898ff5-570c-46dd-a447-7836846b239e"
"7485473","d76b5691-63ea-4646-816f-e0ac5a838cdf"
"1749801","eeb19ab7-e182-4bf2-abc7-740d16fb2c00"
"92622947","f75399a2-2d81-4a1e-ae4e-fa3b1b47b116"
"2107913930","5d38443a-1e03-4635-8395-fbce2f1508c0"
"153154515","33acdada-e794-4fa8-8606-d6e6f705f159"
"52343555","01558d71-4e99-4e54-a9cb-f6e50dde5113"
"144645397","75b01e39-c9b7-4d8d-a3a1-73cc0d493850"
"2388441","5768110f-41d4-407e-982e-ee43ddf39e21"
"52219377","94bd0734-f7a4-4b9a-ac82-00e5ab61a624"
"1391221393","7433c225-58ed-4e9b-a2e2-a6e554da3e65"
"4123118","50431121-bd03-4bfe-b92e-c667343f161d"
"145467945","ab914a19-0416-45c8-ad15-0d5b7b3c0c99"
"145852480","9451e2f4-56ce-4dca-8f7c-9dc973639cef"
"145331691","97e13218-4a0f-43ca-b341-5bb490d7968a"
"1400690349","537b8487-be7d-418d-ba46-07ba366749c8"
"1388409790","6b20543f-f138-4e63-87ca-d8943e4250b9"
"90642309","93913b40-7002-418e-9b6b-4b2f29af81e8"
"39364988","b73a9a3f-1aaf-4305-9944-d76cb28b45bb"
"1711144","f96acf4f-8242-4833-9670-0ecb131bb374"
"1842532","9d926a64-19ef-439e-91eb-2cf76b1cb974"
"2333370","3e68a5b1-2fba-47fb-8d5d-986e1792a869"
"2205296666","24f92ffe-3d69-4e11-ab20-7edc178fb8b5"
"2782896","1ed4927b-b23a-4758-9347-12f7d9a767c0"
"7417872","90e7686d-ed41-4a94-bb71-8ab608396917"
"145483154","1d9323ef-e685-454c-a2c5-8c7a734c494c"
"38735298","7c98ce75-dfeb-43c5-a9c7-afd48647e799"
"92670889","4c37782c-eac0-46c0-be28-af080c7fc7c4"
"86976861","38ed0b4c-ad84-4586-ace2-ec0c332aa3f1"
"3379838","862150dd-d35d-435e-8c2a-bcb5ac148576"
"29736943","5fc9b591-b2de-44ef-9d20-b61ff6dd26b1"
"153154515","9aa128a6-f850-461a-9b2d-7ee30f5ed397"
"2114149","a8e1710f-3c62-4172-8bf0-6e10d9387a10"
"144908682","607cdb49-2d66-4c32-b2c5-9bbab11d2834"
"2134677112","8305ccb1-31f2-4409-bf23-d0be4010f3be"
"143978279","6b65f99b-d157-44f7-a77d-e4280fb12d62"
"12736061","27d42044-e5c6-465d-a450-68cec5237f78"
"46753143","ebd18b2f-e6b5-4fe8-a46a-0b04756030d1"
"101778208","7d43c6be-4a7a-4387-947a-a79b9013f454"
"2184195","6cf32517-868d-478b-9da0-d293ced1fd76"
"2662511","601cd61c-ba8b-4680-b339-5535cb70f65e"
"1683688","f54b3169-0232-4d44-992c-6302501000ca"
"3327403","34cbfd8e-eed1-40f9-a7e3-19844044c3d7"
"47490276","d1a6564c-779f-4a59-91d5-76aad07ba576"
"50175749","0de12fb1-53eb-4427-970e-9dca88c0bd5d"
"47122486","b853b552-ced2-447e-8cb9-581a99435f0f"
"2119721525","5109fe2f-f666-454d-9769-cd1ae2056936"
"1719119","5f9f17f3-edf6-435c-9d87-acdf4c5c6637"
"33978262","a17958c2-3174-4f5a-9b37-51ef58ea9d4e"
"3422789","2d2c5ede-dcc0-4e75-9466-1980c939c1ed"
"3215258","f54b3169-0232-4d44-992c-6302501000ca"
"1452246266","42161c3f-ef03-4fb8-a1d6-ebf110e4f66e"
"3288409","ec58247e-8fa1-4bb8-95b0-4a9409408168"
"2004049","ac75d31c-3e89-4187-a91d-2e9e11a42c6f"
"2091828354","bc301e85-f8cd-41f5-8c94-6c1f17975b1d"
"144598625","097a6459-3898-479a-99b6-4544bfd77a88"
"9134652","3d4e5759-c530-402a-81f6-2405c447467f"
"33596542","5113e739-f227-4fb4-8534-0d1945f50b47"
"5246857","2800d4e8-e647-4e50-8df4-10972c09ea62"
"40119691","515ffac9-2916-4ab6-9930-a12da8b5fd1b"
"46265610","c08d75bc-59db-4385-b518-84a4e9850187"
"2211431421","44b789a9-d347-41b4-a795-c43d00d0d79e"
"1866603","b158bce1-0398-4906-adbd-221dc1426bdd"
"27551695","55427e8f-8682-45f3-8b3e-0ceb955a3c37"
"1910509","112ed2bb-0c76-48d8-bf77-158914c3c8a7"
"2821130","aeec7a55-f44c-4cae-a32a-4c8cc87455a6"
"5099925","e0f211e7-44c6-4678-a95a-a14a0c7c5dd6"
"3079694","fb49b58c-e6b8-4403-bcf2-3c9f51d4f301"
"2045980201","c19b8c8a-0afa-4971-8ef5-59a6243bf525"
"1997738","2f1ff0b9-7e74-4c8a-9ec3-db07ad5ba35f"
"9489085","3978b6f3-613c-49bd-9479-13d44bf115ef"
"48306584","661b3ec7-8b80-4997-9cef-7b667d1312f8"
"1733300","ea9124c9-9411-449e-a6ac-72d24cf13ce5"
"5953612","ab37cea9-99ac-4b2c-bb97-27499dfbd202"
"46509200","f27051d5-4630-4938-bfeb-e84d6d2bd8dd"
"2057858492","0354c775-cdba-43dd-876b-eec063cd94a9"
"38862163","7073d58e-a651-499c-a210-86f4c35d0b3d"
"50497484","7d2eefc3-daf6-4d26-8f6d-9e024d622f77"
"50178985","413c23ab-c328-4c1b-99ae-1c1cc002e5ed"
"47819579","ed4b15de-583e-41a2-8b0e-db7bae6fc021"
"1380911859","5f4cd3fa-87ae-44bc-bb45-e83f1693b0ec"
"144549246","7aaa341d-364c-47f5-9116-6d4b9af8913b"
"144908066","46db9544-1d7f-485e-a3ea-1c9fb375d4fa"
"4102259","99af0308-86a8-4a72-9532-4cf0c48b6547"
"49527724","a158a54a-27ac-4174-aed3-64674697ee4d"
"50495880","bed00681-2646-4170-b497-b808e1387842"
"38900275","ad6e45ea-cc67-4476-b68e-5f7257f78af9"
"2129560021","1cf690f2-34ed-4c15-8261-dea85f58c894"
"34987724","21891875-1deb-4a90-8555-90e45b632679"
"2830481","eae91927-c2eb-4fc9-a62d-771caac9eda5"
"5072734","dc0e00ca-2b06-44d7-8dc1-a392657a8eb1"
"1695205","1c48d096-163f-49ea-8356-7a54d0480a88"
"1486150291","a5fd202e-03d2-4fec-9ab2-8f1a97ca303c"
"36943315","00f20c15-0a7b-4678-972d-6512b856be24"
"1737486","42e1926f-8195-453b-8c78-ee48f91b05fd"
"1795889","31d2cab8-09bc-4859-a793-1e868cdc95a6"
"2008215717","30614236-096c-4b23-b9a1-fad6b0c922e8"
"3438980","3aa9bf26-d9ac-4ec8-92af-6f18b3609023"
"1404335777","70ea537a-323e-4ce5-b4a4-b214bbfcf4ab"
"1453656116","5763f9bf-8eda-4ab4-823e-c6618487e78f"
"144054829","ac39d0d6-fb3c-4ef8-bab4-f6919f3cdab8"
"3134173","e97239e3-1e5b-47a2-8a39-98d965bb13ae"
"1743564","7c98ce75-dfeb-43c5-a9c7-afd48647e799"
"10502281","a7afcb85-207f-4caa-8e89-4b160a7d4013"
"2712862","d63f69c8-3978-4461-9cd1-599578cd3309"
"101062391","a822fe98-0a63-4503-a6ed-c3c4091ffa77"
"35531833","0d87460b-9062-4df5-84f3-d4d531c655dd"
"47949196","12c24350-9ec2-4a28-80f6-70211bccc657"
"100683845","b6778b1a-de54-4610-8932-9669f7a1c19e"
"1642253744","c4cef41d-3487-434e-8e6e-9b219af83642"
"1752093","a86c52f8-4e45-4208-bd1c-5e5806d16ec3"
"2916311","3703519f-596a-4a8f-a36a-41ada5827fe4"
"2119151340","f60ec358-1dbe-4253-b3c8-0cb5a3fae586"
"1380343020","c6b8c538-01e2-41d5-952f-30cc93e21460"
"3091593","7d43c6be-4a7a-4387-947a-a79b9013f454"
"73057737","9a7906b8-3168-451a-abe4-3a4f3e317b70"
"1910787","886a6d22-2ae2-4017-9f24-80a5493a08bb"
"39729530","839853b6-a070-47df-8cf2-9539dcfc9cad"
"1683688","c19b8c8a-0afa-4971-8ef5-59a6243bf525"
"39318187","617a713e-abff-40cb-90f4-3bf95001cde7"
"49298740","8d6ac05a-b7d2-494f-9ebf-4091bb130f92"
"1778504","247cbe79-4118-41b4-8035-de7886ff8473"
"1714104","92f401a5-f296-442b-9ed3-ff65066d60ec"
"3202948","3ceccd0d-ffd9-4b22-a67e-8ec0f5f7316c"
"34837371","17093c8f-e77a-48c0-957f-f688f7182c8b"
"73316887","bce4ac3d-a0d9-4f7f-a983-65d7593fbd92"
"29736943","15307586-b9d4-456a-8912-cd2a13258615"
"40574366","68ab60a5-895e-4206-918f-c0bd8210d966"
"1453724884","4be5c23b-3c89-4f60-afa9-2b219189ee04"
"2447610","f27051d5-4630-4938-bfeb-e84d6d2bd8dd"
"2111638","302a9f0f-b1b2-4da6-9ef0-19a33dc164df"
"1810668403","30923243-6be7-4680-b6e3-7bce59c25c3b"
"41130177","293557d5-6674-4289-9893-42f2bd621462"
"2206297414","35482eee-6411-4188-9f66-0395cc7f355c"
"1790227","82c0d7ac-2f88-42d1-8ded-b94b6018f6d6"
"27693436","5f3c7998-06ec-4adb-855d-f9522a24ac05"
"145388771","7439aa1a-5730-4bd6-a80f-557401fcc6ab"
"51394448","6a193827-4f48-474e-b6c6-f6a16adcd6c6"
"6556979","17671a00-bb4c-4370-b9e9-c9a28ff2bafe"
"143901541","1856c311-28e8-44ea-9d6f-3742eac84c15"
"2110482469","7c98ce75-dfeb-43c5-a9c7-afd48647e799"
"24000671","dd79d8ca-41d8-4d5b-9833-e85f5a03fca0"
"6752974","e0fb2978-5acb-4913-a2ba-b55b70f34314"
"1696030","95b8020f-392a-4505-bc56-56b637735608"
"47681623","ce137b53-c9e9-446c-a6d8-03eabee31a46"
"51045290","7ec25249-dec5-432c-8163-1486ca2b316b"
"8156143","95f8d45a-c908-464a-919b-5cbbf8fea871"
"1690549","02bd1132-0ee8-4364-8542-d4378ed58436"
"24586077","b1f33900-2098-483d-9e8d-f8a72c9e01c1"
"1707882","3f0c0b3d-a257-49ca-a773-9525db3bb985"
"1779900","6b6aaa34-04c7-4862-a789-97a5658251b0"
"7658213","5b017e96-f0cd-4d2a-9d48-a5101bb96c21"
"34336847","0ff521fd-6acd-40e8-a230-712f30202733"
"144512429","ad53d626-ab9c-4797-8dec-a7f5dc345d7c"
"1728643","5c7331bc-c876-4b21-a94e-2ebbfcd1fa91"
"145014498","f68b1caf-3e74-4938-a5a5-58c7f598a894"
"1486118071","e1b3459a-6c6f-42f4-be6f-96e14550a766"
"3382068","ff433cc1-b5f1-4053-bd1e-6068be333354"
"145327825","c4b6ec96-3450-4b34-878b-83be02caf2f1"
"122944710","fd88a124-4235-4ee4-91c5-fce808d7b3de"
"9441615","1a7ffee2-2f74-4b87-8ffd-fd446bc63092"
"50706692","53ed1d25-4582-404d-b7f3-1d8eabb576bf"
"3383328","643e4133-dcf5-4397-87e3-b5db7ea2b0b4"
"145773704","6da218a9-2c45-4383-bbeb-3a46fc9c364d"
"72259333","d5b58ed5-c9a4-4f86-9fb8-aaed42b10ba9"
"3199914","5f1a47f1-8c43-49b4-be3b-15c983c1bc08"
"2148733","09ac4114-1f00-4334-b562-384f5c5addb4"
"144843219","c6b8c538-01e2-41d5-952f-30cc93e21460"
"145262461","9718d1af-6044-47c8-8f1d-6b0af7917137"
"1965907901","bac4642e-12b1-41ea-b0a2-6177ab797d0c"
"1404204134","233fefff-c503-4c54-8f3a-0f792122d585"
"2144908858","7c98ce75-dfeb-43c5-a9c7-afd48647e799"
"1756672","fbb41553-aedf-4882-9201-facb0720aac6"
"2193799","cec301af-6400-4906-a52e-b1120db1887d"
"145197867","5017081b-9e87-490e-87f9-885efc8d603b"
"52204530","0709c585-3919-4a09-b824-14838a2c5028"
"2871254","c82280c6-7885-4db4-963f-c7276770cd51"
"33603226","26c8e470-8288-4e38-a354-e0ba6717443e"
"3776828","95975051-96dc-4e09-b094-d3e8ff9a4c0c"
"2255542","f949e835-4795-4108-a138-b24717aa922d"
"144968473","a1c7f1d0-b1a7-4d72-b86d-e1c3ad97b5fb"
"46365702","ec319f17-c766-44e8-b6b6-bcd0de9d4891"
"40201703","a4165f50-7e50-444f-af39-127f9af06e0f"
"88151457","2a2d1399-c8c1-4e0c-9901-c0ccd3b74d4a"
"6143981","9f5f8bf5-bfcb-484d-9bd4-6b7bc06a4b94"
"3369856","3aff65d9-b867-43c1-a0a6-3d3dcfe323c7"
"47241834","4e9339c7-4e1a-4192-b714-1a7271d237e8"
"2304764","e5eee921-e805-4285-9005-ce316005190e"
"35202970","f1b61552-7426-4f0b-b963-e7702e61de00"
"145331691","1e030be0-fa04-4bed-b3ff-cd29cd867ff8"
"144255060","e80e8e30-52bf-4fa5-92d8-76fe6a80dc0d"
"145664203","1da89a86-a732-40bd-a660-fb72464c221c"
"2288273199","392ac27f-2620-4b07-982f-5315dc4c9613"
"1772549","839853b6-a070-47df-8cf2-9539dcfc9cad"
"83491200","3167d9ab-587f-4a94-84be-c6b2fc8fe9b2"
"144244160","50c18026-1a22-41f4-87ec-5906bc1e749f"
"14756295","bd15cd32-f33b-4a97-8b68-3daad3888e36"
"1696030","1cad2d48-91b8-4f0c-ba1f-85add47eb28a"
"1715145","64471487-8d55-4361-af2a-9c65dcc04eb0"
"48669017","fe798839-c6e3-45d5-a116-d6cf1ccc4343"
"2035863","95975051-96dc-4e09-b094-d3e8ff9a4c0c"
"7870162","b97e31f2-5298-4a28-a0f7-c313ecb72a7d"
"1801959","ceb1b2e0-1991-4d19-b113-36280ca33d2c"
"9249217","7d3101d4-9ec9-467e-bd76-35c1936ac27d"
"143905194","b7fd6050-7ef1-44a8-8d25-643ff370de9f"
"15217571","d519c988-a6c1-48ea-af31-f56efe888c58"
"5990312","8e751dad-f251-4dd8-936e-b2626cefde15"
"2036134599","0617bf41-f50b-43f1-ab40-11c3d78c262e"
"38862163","aeec7a55-f44c-4cae-a32a-4c8cc87455a6"
"47653902","6b3a15fd-5d11-4165-b425-8bc7df041fec"
"52219377","110b6532-b7ee-4c35-b95b-f20f97623bbf"
"1581662226","5753531e-8c9d-43de-8bde-d3c92f3bb97e"
"32178212","7f9896db-d1e0-4789-aded-6086ac340049"
"144560698","6b3a15fd-5d11-4165-b425-8bc7df041fec"
"93953621","068f937e-b2df-43f5-822e-bc4835596f5b"
"1416815969","b50370fa-cbdb-4241-b349-903a83498ab5"
"143705239","c7224876-0144-4437-977f-c999b8097164"
"8837664","fa625120-9860-4321-a919-3e741f56b3e5"
"145577089","c8b92175-7078-489c-8ecb-5a75d02faad1"
"1840402","e3563d9a-613e-4d4d-8c7e-5cb02ad4bbcf"
"1966959","dffa19ae-4b4d-4c1e-b900-25e077108eaf"
"15229313","a7751261-0b69-4bcf-8f6c-2e3cb4172cc6"
"3336537","5baef7c7-6613-4dee-8235-ebd88724e697"
"8758685","dec6a8c3-2b51-41af-82ee-eb6d8fa2bf5d"
"32179627","dabd2239-feb7-45f1-9253-638419fe5164"
"48127057","c4f46131-d5d7-47c3-bde9-fda55089dfdf"
"2338499","dba812d5-3e43-46fc-895a-728c9431c365"
"1910509","e1109caf-2a04-4ba0-b863-5f5d99ce72ac"
"2072547733","3a73623b-d25e-473a-8929-ef9e21715c94"
"2653121","0e2c7853-c4a4-4323-8931-4562319a9cea"
"1491626248","28d506e3-caf4-41e5-ac71-8d8e1288f4f1"
"71108866","7658fdd9-4a2a-4ad4-8fa1-11cf0bf2aacc"
"51304165","7c4f479c-85e4-43de-8321-d3c62c722866"
"2639441","2174ce52-6e6a-42f7-ae4d-f73aeafacca3"
"5604758","9b2dd56c-ebab-4379-8bdc-2a9011968923"
"1728643","e1680c8d-ca7e-435f-92bf-f1139d6d196c"
"4058313","3b705292-6b01-4f4a-802e-22c2948125dc"
"2156905","1d0ff4d6-065c-4ccd-8055-bd5d39a91d74"
"3121569","9fb291ad-27ac-4a32-b2e0-82e4c2b263ea"
"72044484","d2b7f774-5113-46a1-8acc-89a2696214dd"
"7706507","a0dfc3c9-fe74-42bd-80e5-5a795444e526"
"2719024","84d98f13-e97d-4290-96ca-1e720ba3b6e3"
"3294211","cb0bf689-b448-4cf9-9365-3998bc72e65d"
"3229047","91e07688-cb66-45f6-8b2c-f64ff5ac57ed"
"3430858","cb2fd4cf-df6d-4e15-87f4-4be9a1e1c27f"
"89916479","33c12de1-ec32-4539-a67f-0637dfc51183"
"2262187780","0f52d434-1bfe-4224-ad66-ccec214549f5"
"15229313","de760d6d-00fe-462f-92d7-3746c8b6b420"
"39812162","f3b0c705-ed63-4475-ac47-e9ebad1f30d7"
"39703734","a158a54a-27ac-4174-aed3-64674697ee4d"
"72871365","9db3f0aa-c635-48de-8705-9c088273df64"
"2110348767","5d7f3efe-f999-42fa-9187-d965049adbc0"
"3828952","e3260840-02bf-42bc-a96a-183966cea20c"
"1414410903","0953e352-096c-4793-8fe1-a54d8fa7d58e"
"50687276","8e8c477e-40bd-45a9-b5d9-07897a412473"
"143822679","699d17bf-e8dc-4627-99c1-2e1ec0f95e02"
"31935400","120f7d1f-d14a-4e78-8b16-d7a5a2eb5d1f"
"36753496","f61fc3f1-4839-4012-b61a-734e58c4649e"
"50351708","1531230a-fa3d-460a-92f8-f26393c1d09b"
"1716453","4cd894e1-80d0-4c39-a391-b3d841134068"
"2715774","b4d4521a-8f42-4fc5-a4fa-61f9f9075c8d"
"1397294826","1acdb685-4093-4385-8efd-9ffdca3a79c2"
"2132711925","04754eaa-419c-44ed-a117-3643bfea40f4"
"1403126680","a7d527a0-d2d2-49a5-8e14-573d7707551d"
"6839481","daabff4b-b047-4f66-940e-fdaa7358b0ba"
"2066475740","d0b3cc27-1b5f-4f80-a7bb-413ff4bdfb5c"
"144125715","39ff9e09-9a12-4b77-ba08-2610aac955cd"
"1931797235","23303b22-21b2-43d4-90af-c979da616f68"
"2193799","28baeae9-aa87-41b7-93cb-c99ed19c61bc"
"47125649","b7c24dec-0368-4bb2-a10c-bcbd405e77ef"
"1380742035","a9922c4e-a4c0-40a6-bb2c-b95fcdd774b7"
"1739277","80b2919a-df57-4f5a-be99-1614630e5916"
"97737348","56404466-d468-4ce4-85f3-6fddb0ba5140"
"40094751","11ca4ff0-3352-4f71-8432-b66e984482c3"
"1914923","ffdd76e3-3d6d-4eeb-9a11-69cd5ddf0dc2"
"1764681","28d506e3-caf4-41e5-ac71-8d8e1288f4f1"
"49543466","0702b38c-d430-48ce-8d68-4f79dc896288"
"2156719922","a6c351f1-2345-480f-8e54-196b0aac0156"
"144175437","f2590978-36b4-4e89-9b62-3f2cc10f4079"
"143892518","d411cf77-ba24-472b-9832-486e943c9423"
"1820792528","93d5ea37-a3ce-4b5a-babd-14190c5335c3"
"145898058","7273e828-6e2b-4a4a-86b7-7c924d03da14"
"1750105","f3673396-a074-4b19-b1a9-59996d8b19e1"
"19270098","ba109bca-c8d4-4555-92a1-defe9eef5ebb"
"46505742","2e6b7064-480a-4c27-b5ad-c2e7e7623180"
"38629674","3adcc5ce-8726-4cbb-8064-a3d411b06352"
"47764253","4325ecac-8c8b-4265-877a-98e549725ae5"
"24619630","d731c5ab-06e2-45a9-a43c-cd43427fd096"
"3935178","dfaf22a4-7b85-4bd0-8836-b9f475c56970"
"46729463","82eec0d9-aa60-4f72-b874-f0b472c98cee"
"50336577","977a496b-7f32-4c22-a284-491bdca703f7"
"1413434253","7aca2153-7cde-4895-906a-a57f641b5ba9"
"1863576","dd28dae1-a03c-446d-becb-8bacb91b9cf5"
"6727411","4252e030-b45e-4369-a587-55076ce917de"
"3218095","ee0887fd-095f-495f-8c7a-cfa9dc626ef5"
"48547965","0702b38c-d430-48ce-8d68-4f79dc896288"
"2090439687","d7a16c69-9d12-4c0c-846d-78415d370546"
"46503452","42e22b3c-adfd-4ffc-8d02-d3d574aa2d3d"
"6540588","59ef755e-98fe-4aaf-bb60-c0c025c6a4d8"
"4312844","95229925-9bd1-4570-9ddd-0b558cd4d5d1"
"2127923241","725caf31-d63d-45de-be98-db27dd2b1c62"
"153456203","6a193827-4f48-474e-b6c6-f6a16adcd6c6"
"145664203","78215890-c515-429e-aa3e-806be26d4e5e"
"121857840","185750c6-eebe-4471-8e32-3f23610d7598"
"38032898","e0fddd2f-846e-43b8-995d-1ab383d7fe60"
"7446832","58ec7dbc-9a36-4b9e-ad4a-8664ab366b86"
"2840539","975a9e1c-6907-4a0b-8d01-d4a5ee17718e"
"152290618","74bd17f7-9c32-4501-b725-d1471b8db099"
"1735272","30edc46c-5677-4707-8e8e-c909f4b6437d"
"150930885","fa1a092e-3a74-45a5-a349-7e58d59763c8"
"50219447","568d2dd1-38a7-4ee0-b604-de420d975ccc"
"145306271","1d93a134-e01f-4511-bd4d-2540113de649"
"3635539","7458842d-41d8-498c-9c4b-7e6f07266d22"
"1403141795","a5946370-a54e-493c-a6d6-e9c41b1c664b"
"2089573491","057614c8-e4c3-4b59-958d-daa3d6fdaf27"
"144054829","1b74dc81-bf42-478a-89b3-cd1cde5ae0a7"
"3539961","a158a54a-27ac-4174-aed3-64674697ee4d"
"2125346725","2a22024c-f006-439a-b799-331b89867afd"
"3776828","790bf186-d29d-493f-9d16-abfa2d605a8e"
"144064905","9b2ae5a6-547e-49c0-91d6-842f35c4c1de"
"2036134599","b23692b6-9295-44b7-9f91-6d80820e97c0"
"1910509","1e6d3a3e-730d-4d98-bc1f-f644541f088d"
"51063388","5f9f17f3-edf6-435c-9d87-acdf4c5c6637"
"144765161","074ae519-58e0-49a5-9361-5fbd7ca687b8"
"50534501","da42a05f-d14b-4f56-9d94-a56ae283100d"
"2128523","d0b3cc27-1b5f-4f80-a7bb-413ff4bdfb5c"
"2093094324","91396a87-9a80-4f4d-9b32-6b4d3e0f7325"
"97604543","89b536ff-c394-4700-8791-510c0d59cd38"
"108206436","743bd95a-5824-4316-bde9-1c6b60302e76"
"133551208","a09a4964-1c87-4469-aeca-9935cb293321"
"1819450790","728bfcf4-1f87-4cd2-a08d-7f35d3d0dca0"
"5990312","475389f2-225f-4050-ad20-1bac783c62f0"
"145612259","26c8e470-8288-4e38-a354-e0ba6717443e"
"30449638","6dd087a3-6654-43f0-a8f9-36f5826e1923"
"1785173","0deab9ce-c867-4ccb-bd49-405ca43561fb"
"2407563","6ba0c8d5-f31f-497b-85ef-767c2b25b90a"
"3564297","728bfcf4-1f87-4cd2-a08d-7f35d3d0dca0"
"79494403","7c98ce75-dfeb-43c5-a9c7-afd48647e799"
"2051569","c7d3d718-c795-4e42-b868-3e0d8db4e0ce"
"9955776","08099cdb-5c82-4ba0-8d69-684829d06a86"
"15436113","4c673cc2-f329-441b-8f3f-18797681643f"
"1712174","60a1e467-1b3d-4e50-ad60-82210c5bb8a0"
"1689115","14da795f-a603-4067-a9c9-0c7e2fcac6fd"
"2575874","7d43c6be-4a7a-4387-947a-a79b9013f454"
"36753496","d6300a00-17b0-4e69-9845-7b33b430cc6f"
"36050276","43380d7e-040e-40ae-b867-f4571b7a6427"
"1405128198","66238b07-129a-45ff-be64-26039425fb25"
"145585312","91d10d0a-8377-4e5f-98b1-615612366b89"
"2934849","6805216b-6c68-48df-bf7e-58d0269998a9"
"144799987","5f165f5b-6c96-4ea0-9cfa-b4771a0d5e37"
"6685333","5d9e8f7f-8b9d-46d5-8cd9-51b4bbcf7fcc"
"144361874","89ccf5aa-d5e5-4224-845b-a4ccb0e5d80f"
"2511098","729ea51f-3702-4c1c-ab64-ed5b05ea4b02"
"2069378292","bc0024e0-a19a-4522-9608-351a6460648f"
"1399920801","0ca5b956-c95e-4db1-bc53-8088393b1684"
"9210977","64471487-8d55-4361-af2a-9c65dcc04eb0"
"2245174","b937e2a6-6956-427a-96ce-9e774d96854b"
"2282093441","3c4cf2c9-e1ed-4795-a18e-789ba7dad8d4"
"46265610","a46518c0-9a96-48b2-8d5d-079b56c3f1b2"
"2277545028","094a7155-ac1f-4558-a4e3-cfe7c69fd0db"
"1820792691","f4703b4c-dd69-48b0-8f75-31f57ec17ec6"
"9205045","77f241b0-701f-467a-b99a-9d58e04ae146"
"1806112","11c0e5a4-d2dc-40d0-a43d-71f0f03b0bf3"
"38438821","81a943a1-9dd0-4f80-a756-7450ad1d21eb"
"2356610","d79ca6a4-84a8-417c-bb4e-7d79ea68f2b4"
"145965453","86b50145-3112-4f24-98a1-cd72fc0f82a7"
"48954560","df6dea34-3502-4f1e-be33-dff5f33c7c1d"
"2085129","d5b58ed5-c9a4-4f86-9fb8-aaed42b10ba9"
"1720789041","fbcad807-1e5d-4480-91cd-8ae700b49a20"
"3079694","79259e88-49cb-42dc-9e69-03b8ecdce461"
"3506888","9f5f8bf5-bfcb-484d-9bd4-6b7bc06a4b94"
"66339110","e1ec3556-0a55-43d3-a4a0-62291206c5a1"
"144303648","057a06b0-94f1-4a52-885e-eefd5a57223e"
"48542531","47f9cc8d-278d-46b3-8fc9-3b9d28e1a84f"
"144064905","e74c1c21-95a7-47fe-9d3b-1ffed1b7ec24"
"2151531672","204000b1-89e0-4ece-bcab-c114ab2b6f88"
"1864973","a5a49959-7dc6-45dd-8428-e9762704e1f5"
"2112340945","1310bd8b-249a-463d-856c-9f310eaa5cd2"
"144121023","c32bd4aa-ba36-499f-aee1-fcf1fa58b1d6"
"144411037","17f1c65b-8d07-4dfd-8e5f-bf9874ab54f0"
"2230071","8a53f868-5bc8-48ab-b505-1a352c3e175c"
"5085005","e4a80115-373e-44d5-ab60-6bce169065e8"
"47825073","fd2185ab-ce5a-4214-82d8-71693d34b067"
"1400298663","75f2b045-9b72-4626-92fa-f490ef3e4d76"
"6437592","d01b670d-9e62-4c4b-9ab1-359224e9e59b"
"2035596","5bde9e05-3939-46ae-80f8-1361520a7eb9"
"21808473","54bbaef6-da59-4aa7-8818-1325cbd83ed1"
"48547965","b3cfbabd-cef3-4a35-8b9f-b837865d10eb"
"2289375601","b22b35a3-0860-409b-9c76-01caebaf82a1"
"117581931","b709b084-e3ed-459c-a05b-4cbdd980af67"
"1715754","26b8898e-9797-4ed3-8715-02c064dd5910"
"2268432306","89bd7244-78dd-43a9-808e-429888412557"
"145664203","2d5cc0f7-5a3e-4fe2-aaf2-50ad45185bc1"
"3120037","dd10e0df-3439-4222-94c0-5e5825f8d6e1"
"1576171792","da5b2df7-648b-4b00-b508-bce10527d758"
"24619630","d02d9f11-636b-4132-91b3-24d30d7c86a5"
"3072590","50636adc-3e0a-4f34-8ef8-4dd6ec89199d"
"4236877","12254a32-1482-435b-8a47-da4499e8bce5"
"145106564","839853b6-a070-47df-8cf2-9539dcfc9cad"
"3229047","affe2c56-8382-40ad-bce3-8fba11db7f08"
"71412222","18977dc0-a218-4c76-8559-4267c85d828d"
"8687410","d2c97d47-7134-40e4-8d48-8e77256572e5"
"31664997","3688e0d2-f866-445d-8520-7e0ecdbdaf28"
"2616533","165cee92-e25b-441b-ab33-54229596b88b"
"3634435","0617bf41-f50b-43f1-ab40-11c3d78c262e"
"144889368","acc79e8d-307e-4616-a194-bdee050cf809"
"2134323752","4ded6531-5a32-4bc4-b3c1-b089cb3e495e"
"122085719","ebd18b2f-e6b5-4fe8-a46a-0b04756030d1"
"144425777","543d2548-80ec-44f5-a843-e666bb5ce387"
"66397833","5e750e36-b876-4931-9164-a4a98f6604c2"
"100781843","44b789a9-d347-41b4-a795-c43d00d0d79e"
"143657833","3960ad54-79ac-440d-abb9-5cb8fa8bae78"
"2916311","17ae86f6-a0b2-4288-acf1-2ee295cad4a7"
"2174579674","863190ae-122b-423c-ab76-fa2b978c2f8c"
"144757606","4ef4d5ce-1ba7-49a0-bc99-27a7b420d8be"
"50175749","3aa4df7d-0d0d-432e-9f63-b7665f973155"
"1431736821","dbdafac1-c92e-475d-92d9-11b51206b346"
"95775006","2d52ed4a-3a9c-4520-a7eb-8fff7a63c2d8"
"104607473","cfee0be5-9d1e-4a09-8539-18feee94be77"
"144255235","ec615508-682c-4d20-b8b6-8d509fc153c9"
"1819450790","59e32588-9444-4bb7-b7bf-884120032e7d"
"1730108","26c8e470-8288-4e38-a354-e0ba6717443e"
"2130227231","2e98b1a6-87c1-499d-ac24-f41f81313f9c"
"2374879","127e8c30-6f47-428c-b47e-eb2df4ec44f3"
"9583393","7b0d620f-6db0-4161-a733-5fb32cf75684"
"1700953036","301c80fa-57f3-42da-b226-a2d01c3cc836"
"2269444","aa193775-b806-47ac-a214-cf6045d6c4bd"
"120462837","5ef194b8-a619-4643-a712-53a90889485f"
"71018930","5f4b7898-fc6e-4b0f-ac14-0544fba41553"
"143657833","2d5cc0f7-5a3e-4fe2-aaf2-50ad45185bc1"
"82432550","f5e98124-a178-471c-983c-df3786fb1db7"
"1832014","c10d62ee-5eea-4851-96f3-13021b867a80"
"30449638","a9ce4a7a-c682-4777-8f8b-f511a4bbee45"
"2109281495","057a06b0-94f1-4a52-885e-eefd5a57223e"
"37402205","bd15cd32-f33b-4a97-8b68-3daad3888e36"
"1700953036","845ef099-c848-4003-85e7-d497436f141b"
"2193799","df5f40de-b5f4-4939-b8f4-914a1274b6d0"
"1725561","a57766a0-bcfc-40f3-932b-386707b4ae16"
"51225422","0ca5b956-c95e-4db1-bc53-8088393b1684"
"1825498","381d5678-ae68-4b3f-a2a1-6c3258339f9c"
"143831681","edf0845f-4efb-41ff-b896-492b17c186d3"
"31740949","3add6e5a-c5bd-474d-942a-19cc069dba31"
"150930885","e3563d9a-613e-4d4d-8c7e-5cb02ad4bbcf"
"2262400578","c4f46131-d5d7-47c3-bde9-fda55089dfdf"
"46373830","d79ca6a4-84a8-417c-bb4e-7d79ea68f2b4"
"47099728","6b20543f-f138-4e63-87ca-d8943e4250b9"
"49161536","772dcad0-ec3c-4ae5-8603-ea92d394f6b4"
"2206135","a64aa427-20f4-48a5-8d72-0fab325ee25f"
"3144024","981ceafc-fbdc-47ef-8765-09a3729bc532"
"2111610828","4d2d3db1-86af-4fa1-b816-5cd8821d1ed4"
"2485075","bec38e04-74d1-4778-a872-fd48a0dbde40"
"2051569","a676dc74-d4cb-4c0e-9d21-8a7fe3649ae0"
"35539899","87dd6edd-6e98-4b8e-bae6-e83953481bbe"
"2036134599","b049223d-3f7c-496c-8f6f-421834d90fef"
"2101315020","ed560a6c-80d4-4e10-a6bf-a3c13d360fe8"
"29907659","fc296e22-956a-417b-baf2-54427fe732d4"
"1840492875","733657b2-c0dc-4b55-ba7b-939c12c26081"
"1404262508","51b42542-e4f8-437b-bb1a-bc7aa33f03fe"
"35688956","61dcb322-6a43-4265-9cb0-f9d60a821312"
"2894465","c42ff7fb-0263-430f-b974-cf1e1b9d22d7"
"4688764","030d673b-eb82-4e61-9f02-a13ca2b97bf2"
"2060121253","aaa44654-229e-4c52-bdf6-e18b280cdcdb"
"144149891","cc9069af-8d46-4d15-91ff-39139a5d9407"
"143649421","475389f2-225f-4050-ad20-1bac783c62f0"
"1813775","c8febd6f-4a1b-4b4d-983e-46225a0f13bb"
"1411492733","9fa1c680-0a40-42dd-be60-dc85c8623e50"
"1728609","022fac06-7c49-472f-ae57-5f4eb6267949"
"1396382485","bf58a4c8-86d2-4475-8ff6-09e1f9d9e58b"
"1732378","2e17e1c2-7f27-408a-995e-2598900637ad"
"1747655","6a463f4b-5745-44a4-96ee-5e701862dbfe"
"39738361","9fbe9b6d-7c92-4f21-9746-07f8bb77e441"
"1398819816","e34a470f-c48e-48e0-be85-8fe7ffdc71ec"
"2044934585","262ccbf0-d284-40c7-b64d-7e9903c5b2e2"
"2157835870","1dbf0bb5-c2d2-459c-81fc-a2cf2cfa9846"
"1733928","d5844014-16b4-44e0-803d-da34beb7d605"
"1500404188","a196c591-27d5-41a3-babb-7a1a9a3b1270"
"103589073","e19cbad5-d3c4-495e-a04b-25bce23de16d"
"2244508858","f90b04bc-a8b4-40ed-a28d-2ddc078b96d4"
"2109360977","d83a06fb-cc96-4555-a4d1-99b2a288ee3b"
"144864333","75b01e39-c9b7-4d8d-a3a1-73cc0d493850"
"1760642","12a10330-24b8-4578-8b6f-2cfc3fde6e2f"
"3079694","70b71b0d-3dfe-401a-9c85-60c4aecc2713"
"1742160","9155983f-a484-4290-8245-5c7ac40a3209"
"2146147410","15307586-b9d4-456a-8912-cd2a13258615"
"2090439687","7788cf6a-9f7e-4dc9-af5f-aa75653c18c4"
"66675505","474a8ab0-aa01-4d96-9c52-59ea6fd36640"
"88727990","cb371423-e09a-4e84-97d9-f10c28bebf82"
"49976473","6459a30c-5c7c-4d49-a96b-74e429826296"
"1398175407","15231551-f44f-45b9-bfaa-cf3b96d82c6e"
"71003878","1da89a86-a732-40bd-a660-fb72464c221c"
"51344964","1d93a134-e01f-4511-bd4d-2540113de649"
"8794256","ebc16e60-4a66-4266-abd0-975eda9bd2aa"
"2008122","1c48d096-163f-49ea-8356-7a54d0480a88"
"1720007","48e61dd1-39e6-41fc-8bb1-5ca31267e0c3"
"107727548","1e88eb12-40ae-440c-9f3f-aee7fd301783"
"36547165","21dff258-542c-4c6d-9cf5-68a73304dd16"
"49970725","4d43eef9-d36a-4ad6-a1f3-56ec682c38fd"
"144121750","191025f2-7277-4461-841e-127cadb802ea"
"50543766","404838c8-f010-49de-87a9-92f4fa8e57a0"
"1833927","bd003424-128d-4af6-8299-3ff71f3b2cc2"
"1700953036","907c8dc9-6ba9-468b-b7d6-cc8fc96fd33b"
"5973140","f1da8110-f7a4-4649-871b-e7e1a53df01b"
"2189281","25ca5045-ad65-4d8f-983a-223b426037e5"
"30082914","c50032e5-47e7-4705-a2ac-a6b9ee11bf37"
"1561587870","97818303-bce3-434b-9f66-8f7764fdc82f"
"2111638","1f571b43-219e-482f-811e-3890de9c1ccc"
"8130258","65cc086c-e803-4528-884c-99c21a19de1b"
"29736943","b550e41e-e191-4acc-b89e-cda585222bd6"
"1919227","d6db806b-3f66-4980-b682-9dbc2539a0b4"
"2135548959","3efcae6c-5322-482d-94c2-9cd64902dec3"
"8667927","ece09338-0378-4779-a212-11649e07c2bd"
"3229047","939c6e7c-e672-472b-8b59-3d9f55451e01"
"2025666","e89976e2-3cec-49fb-b9ec-3457853574c6"
"36620472","b853b552-ced2-447e-8cb9-581a99435f0f"
"3111035","3a08483f-f1bf-4e97-9bfa-b0155673184a"
"49487736","10143505-a7d1-45cd-b71a-b4e5ff80a3ff"
"3242916","d25cf0fb-226b-491e-9571-4be79a01d479"
"3027667","d5844014-16b4-44e0-803d-da34beb7d605"
"1786185","40c65973-c147-42f4-95a1-e5490196b76d"
"145782847","bd37c8b3-42be-41bf-83d0-137479519b4e"
"145238803","5f859068-34cf-448c-9a4a-6db155d8be6b"
"1397165415","55a93743-cdbe-4016-8dfd-79f555638e54"
"145229872","a43cafdb-5530-47f2-8bbe-64e3e506ba96"
"40055118","9de30637-92d4-42ec-ae1f-363155bc8c62"
"47781621","64471487-8d55-4361-af2a-9c65dcc04eb0"
"50878899","88755024-cf33-430f-857e-b512a38632d4"
"153494805","8186f360-5337-42ba-afca-457d98965120"
"2142802","1393aef1-1f2e-4c5a-a5c0-6252576a5235"
"1703204","6790c075-7a7a-47e7-844b-354a7e196d30"
"144125715","8a2610d4-3b95-4a73-97d3-e87bf4be8f6d"
"83930888","14252e3b-1e85-4cce-8e0b-0f096f0df579"
"4051746","affb6b25-01c8-4f78-b7ac-217180d709d9"
"1382189113","98ab222f-fb23-48c3-8917-7f925b264b0d"
"145084003","0c7ea27c-e7ab-4cbb-af85-158f20d04ed8"
"2087623736","fbfb2469-d823-4fd2-8ed0-e45d4c1f3472"
"40072305","1c8a26ec-e04c-4700-99da-8d6d8e9c15e2"
"2610604","b35513e0-0da9-411f-b684-6101bf9b350d"
"2108711613","cb1b3785-e2aa-4590-b9cb-32bc3a58cc0c"
"4782551","3228bbfa-b1b0-4de7-994c-a9b4489d184a"
"2165227439","17f1c65b-8d07-4dfd-8e5f-bf9874ab54f0"
"2414068","670d082b-53a3-45f5-834b-c4779e900b25"
"2174543708","a57766a0-bcfc-40f3-932b-386707b4ae16"
"51022017","1a990c55-9efe-4ce6-84dd-c489d2afb60c"
"3705233","9a08f72a-df81-497a-b807-4cddb0190675"
"1709825","95734fb2-c07c-4a9f-9ce5-73f5241fd362"
"50857116","f56afaf3-c73e-47bc-aaa4-b68cd82a72a3"
"31374110","c1dc9f6b-2ba5-47ba-aee5-98fd97ed2df0"
"1728207","5f4cd3fa-87ae-44bc-bb45-e83f1693b0ec"
"9366885","15372e81-4ebc-4768-9f5e-137effdc84c6"
"2116974078","ea324dba-b7a5-4a36-bfcb-f1f6073680f4"
"2505276","000ac864-305c-4386-a73a-fe1c91e5f803"
"39456152","65475315-bf3d-40d9-a84b-f3f12e8e007d"
"47039856","75d6efe0-bbc3-4053-be30-0eb1188cad5a"
"8910381","515c418c-7d3e-43b4-a74d-234ed8faffa3"
"1397294826","6d889236-69f9-43ea-a6ea-6a0f71b010df"
"1698701","b6117c1e-56db-4b4c-a424-2068773bcc14"
"1820952310","8a4e56f3-71cc-4754-a8f9-6fb707c91d1c"
"103245682","6d049b00-d2ee-4988-800b-2ba9a99dc29d"
"2156928873","9faff19a-1b26-4ca2-9401-ae7ceebf92e4"
"143750192","329ba417-d68f-4a84-bed9-515e871d93e5"
"113075935","84e9a174-27b9-4056-9de9-8e62a885ce89"
"145551612","7a377938-5776-4e70-9195-a179e0832275"
"1379579811","52099ba3-0ec2-4109-83c4-3482f1ccd4d2"
"1561587870","9d095228-d7bf-47e0-81d4-6bcfab2cc61e"
"143849611","ae74ab6a-2a48-42a7-ac90-cc0b2f44b212"
"145462046","1da89a86-a732-40bd-a660-fb72464c221c"
"93850442","afe6b57e-1e19-4da5-bbc0-082d972100fe"
"1453724884","dba5fe08-82e8-42db-ae9b-ce1af04735d0"
"2434713","3922c4ba-3700-446e-a1fe-e18e119ef6dc"
"35191235","99e1ae62-edd2-4cba-bcf6-828c0cdda553"
"145229872","17f1c65b-8d07-4dfd-8e5f-bf9874ab54f0"
"2123130842","d79ca6a4-84a8-417c-bb4e-7d79ea68f2b4"
"1731318","7ffe7150-8af3-4697-85d7-2a74774c8d47"
"48420048","ecf6b6ea-31f9-41ff-bbff-11bacef60c54"
"2465903","90be3d04-4065-4104-9ae2-f0ced9198e41"
"1863576","82d845c5-a551-40b0-82a8-79ff900026a8"
"2070467423","6a826a1a-4bd7-4dc8-b8ea-33c5f879773a"
"2561853","1d75fe8a-0f04-44f6-9ebf-1b86d307a1b4"
"21291141","0c5854c8-2968-4930-8d6a-21a6b7c03572"
"7337091","606f0bae-b752-4b22-84c7-db0c890120e2"
"1404341452","695b747a-c5ac-44cd-843d-5af3fa7db282"
"9741305","7967263c-6aec-4079-83ba-927f7bcc4ec0"
"1825769012","193e0517-aedb-4bea-86d7-5605218963c0"
"18947121","7326e875-12bd-488d-a59c-699101194557"
"144167184","a5284281-0e56-4a35-be62-af0485fe9ef1"
"1384583219","adedadc7-88b1-4e7a-b69e-2e09478d8eb5"
"27672597","323d4549-049d-47b3-aaf8-66b3abbe654b"
"2149498192","69ab742e-0e34-47f7-8db0-d485fc7f0d1e"
"46373830","fa929cb5-4343-4393-a308-4192a4e1fb80"
"1908497","b3c25230-0786-4fd0-b8a4-4e2b0959a042"
"1811211","87dd6edd-6e98-4b8e-bae6-e83953481bbe"
"144054829","75715d1b-83b6-4e02-82b4-26dbc058669f"
"1398507508","15307586-b9d4-456a-8912-cd2a13258615"
"4493069","643e4133-dcf5-4397-87e3-b5db7ea2b0b4"
"30889568","39fd8f46-8888-40ac-8642-191266a9962b"
"2127880775","3af31daf-b78e-4650-a8d7-2a01baef01cf"
"2068254342","71a08e03-22ec-48a5-a32a-827db319c488"
"2462276","9718d1af-6044-47c8-8f1d-6b0af7917137"
"144097210","f60ec358-1dbe-4253-b3c8-0cb5a3fae586"
"144950569","0205dc3f-d865-4f7a-bfbc-33f46dd315be"
"2124711116","26beb9e1-a792-40d7-9f06-76cc557bead6"
"79830087","14c7e332-d17c-486d-8815-662d7417f1ff"
"1419456799","079ba3df-ea05-4b7e-9ee4-943749d6a768"
"113075935","2125c328-8c25-4744-9336-b96d414731e7"
"89283989","fefe81f7-3f9d-475e-ac75-2f7fa65c6d53"
"49179885","6b91b569-ff00-4ad2-8573-92cb08451166"
"143736623","a4165f50-7e50-444f-af39-127f9af06e0f"
"1493276636","47a2a085-67eb-46b7-8399-c022e48cd31e"
"46373830","820dc695-dfbb-4c7d-b56c-5ac51ec686fb"
"36523639","23f77037-21e2-4c9b-b979-6479a3e1d5dc"
"1748177","ac91c8c1-c383-4423-a7fe-b59f1a593875"
"1403324822","136f47a3-88f2-4a58-8b1a-37338fe70e0d"
"1753013","2a9fc083-fced-4640-974d-90643aac5d6a"
"34336847","001d8053-5e6e-4b19-a807-fece431db115"
"26931936","772dcad0-ec3c-4ae5-8603-ea92d394f6b4"
"34665941","471baca8-0645-43f5-9dc7-d9e7080e4669"
"31364946","54fc1ec5-1ba5-428f-a920-f370b39ace87"
"2115829666","9a937004-6086-457f-8e09-610735ce4ad0"
"145197867","de10e0e1-7679-48b2-8d31-597403c06855"
"1704622","c607bbb8-77a8-4aa9-a8ea-36739d825eec"
"2116451265","9cf37319-0d9e-43db-a2be-fc76c7174b00"
"4029028","839853b6-a070-47df-8cf2-9539dcfc9cad"
"1381047291","c64fb0a3-e8bb-4674-94f9-05a769180f4c"
"152571594","20e2a642-ea36-4788-a2db-8908f903e7da"
"31157499","07998c38-d495-4e98-b29a-84fcea366ec6"
"2553299","5cc9e5d6-ad01-45d0-9900-5518dc8f0b7e"
"65934689","6b8a6bf7-5f06-41ed-b50b-483ceae0f526"
"49410859","ceb20a94-1834-4ca4-8602-f08847533d97"
"1747560","64499a85-0a58-43b7-a0db-146a73943c7d"
"35041421","8a7970a6-85da-44f1-a64c-1f3c70831b20"
"116628149","53d0bd0e-f867-4689-aef9-1b392d3618ae"
"1897235","463e2d23-2b92-4da5-81d8-223f501a5190"
"143931014","6b3846f2-a255-4004-9f8a-88106cfe7e25"
"2641705","3e7733e1-503d-4d21-a378-bf1f8d9bce93"
"48703707","bcfc52fa-e6a2-4c6f-8b44-c2e054c83f5c"
"143649421","53f342d0-f5bc-428d-b522-3ca3849e7a11"
"50841357","1da89a86-a732-40bd-a660-fb72464c221c"
"34918424","9ee23052-1add-4879-83ea-90778379ceea"
"27083967","245add91-a784-4139-8010-7142ed9e7fe5"
"47039856","6692c4d7-1f7a-460f-b1a9-9ee32cc70669"
"2038777","0a3451e3-011f-4245-9e75-de18650e1032"
"115636795","7556f2b0-26d1-454d-a17b-39737b648e06"
"2135984759","5947e468-b1aa-435a-ba33-668a7f65d6ba"
"145879247","35640527-99cc-4e5e-bbec-ad2a4bd3e704"
"145585312","8926a8df-0998-4fba-bba5-f62faedc5c68"
"1679666","ebe24887-c6b2-4941-94c5-0cc8a71d5687"
"1500385154","876261f4-49dc-4765-bdc9-12be745b1be7"
"36904068","92720275-0da8-4baa-841a-2fca8345462e"
"10754642","c8494888-50e5-45d1-a771-bdaeb13121b1"
"1698701","7a15e8ff-2409-465c-a25a-14f515f3d95d"
"90642309","0f38b3bf-5913-4927-8571-e29f89fde89c"
"82945206","212802bf-0e0d-4320-a492-145b168788f2"
"2109462701","6d6db21e-26b4-49df-9e87-7289fe3eaf8c"
"144801476","e13b6277-70db-46b5-91a0-170a94cdc636"
"1714104","a09a4964-1c87-4469-aeca-9935cb293321"
"2017851","f2c34bf2-38fd-4396-b3fa-e2077a47ab59"
"51225422","a9159b1d-0743-4ab7-9672-b8c8500958fe"
"12644471","ee36b7fe-a8e9-4b9e-9275-29815f054da9"
"31133151","7234df5e-f625-465e-90de-86edb26925db"
"35539899","146e324b-d8e3-43ca-a610-4696a1773125"
"1403629616","7d805005-b357-4842-93fd-8457eb0ef987"
"46867455","d63f69c8-3978-4461-9cd1-599578cd3309"
"1688109","6b20543f-f138-4e63-87ca-d8943e4250b9"
"150290745","fbb41553-aedf-4882-9201-facb0720aac6"
"3120037","283c3ff4-f872-482c-99bb-47fd3592cf7e"
"39362897","4162e576-234d-4a64-849e-983b895d6064"
"12736061","01e0ad82-bee0-49ad-b059-ece5b38e6da2"
"1441290951","dda5ea45-2cdb-4c8a-9ee9-201fdfcee496"
"100629705","96b1cd4a-4e45-41bd-bce3-76d76d1be2b6"
"1491775884","20ce4933-aece-4328-9fe5-0ce6e28eb15c"
"35660011","50636adc-3e0a-4f34-8ef8-4dd6ec89199d"
"1726357","5fcaa92d-771f-4578-8804-0ad94cbe0460"
"1739277","c93f5a74-4860-46ad-916c-e9859adf7e25"
"144096543","0599ad96-4fb4-45ef-ad32-5f9d5af687ad"
"50461900","63a03cfe-7baf-41dd-bd14-0aba5c3940dd"
"51186853","5113e739-f227-4fb4-8534-0d1945f50b47"
"51225422","3dabad0c-1a87-4c24-8593-af3ebf3e2021"
"46948092","798ba534-652c-4bed-a8b3-f808129dfb64"
"144054829","029afdf5-fb8a-466e-b4af-39b03d638dd3"
"1852241","4c537853-4e3c-4b13-b6c8-587745625edf"
"47595721","b55e898e-0a22-4329-a7e6-8654f9e608fc"
"46373830","a903273d-7e4e-4f80-87cc-2e81460f9d18"
"1843592","7e2f67ba-0ce8-494e-9881-39ba990a5c2d"
"9349252","2b7597a5-155a-45c1-8101-c260bcc1bc18"
"2014972","b371c758-f173-4b56-ac14-eb87b62c1d0a"
"49867037","725caf31-d63d-45de-be98-db27dd2b1c62"
"1722340","5017081b-9e87-490e-87f9-885efc8d603b"
"1711953","65c894e1-e098-4e55-a180-010b08808991"
"2216598559","b3c25230-0786-4fd0-b8a4-4e2b0959a042"
"144042741","0aeb1637-e9b7-465f-8541-39d39391e2c8"
"46352552","be8eb47f-3452-4bd8-84cb-721c0c000370"
"1792647","7e4f6c0e-ef3e-45ee-b8be-b63db2528a56"
"2541035","630a71cd-6ee6-4526-b8ec-c1e374360d69"
"120280976","247cbe79-4118-41b4-8035-de7886ff8473"
"1695205","ff8484ef-e447-43ac-a333-06a6ebfb770a"
"2782896","39fd8f46-8888-40ac-8642-191266a9962b"
"2044934585","26634325-9721-4187-86fa-4ab1ded4e38b"
"5295950","1495b48f-1f46-4bb6-9cfc-819bfa58ab40"
"2186804632","b6117c1e-56db-4b4c-a424-2068773bcc14"
"31876686","1c55d5da-4f12-4cf2-b8c9-b96624201761"
"1403851743","68ab60a5-895e-4206-918f-c0bd8210d966"
"1799327","6b2002d5-54a3-4955-8081-cff3da3a25f8"
"1722875","0c74b352-139d-4a59-9019-11eddb4339ac"
"2391084","23282144-cfb8-4786-9598-131a64b711b4"
"145830956","97e13218-4a0f-43ca-b341-5bb490d7968a"
"143844110","87cb86bf-6dc1-4421-9c9e-882e5d048d16"
"40412858","7073d58e-a651-499c-a210-86f4c35d0b3d"
"2877263","ddcd3f25-230e-40c2-830a-7acc9d36ae29"
"47518332","a3aa58bd-f937-4bb1-87c4-6b39ac10c777"
"34336847","7875df81-9fdf-45f0-8389-f43d1255ea7a"
"145879247","4c000f62-7a38-41b5-81fe-288c27ee8f20"
"46923414","8011a3b9-3e2c-48fc-adfa-2ea78dddc299"
"1389544608","e23c8464-ba26-45b8-bb73-d24e2fdd1da5"
"66313970","c3e25e7a-7396-43be-90cd-0437836ad070"
"51131343","8590eb27-98b8-4614-a990-d6ffee3ef05e"
"2038462862","a7324ff5-f2e5-450f-8ec7-a270a69d4097"
"151253861","100ad99a-81c5-49ca-a54a-f38a3c2fbe35"
"46188036","96dfe0cf-525c-4815-afc8-1bef29bee30f"
"47463096","c4791938-afac-4fb6-856f-b85a32551982"
"2139786405","c19b8c8a-0afa-4971-8ef5-59a6243bf525"
"144512429","49b4659c-d481-48c9-a4f0-c846adf2c7d4"
"5859069","44b9c70c-ceff-40d3-a657-409d41c6a085"
"2109397","a346330c-693b-44c1-8467-7bcc78ab5581"
"1772549","c7d28d05-8cba-473b-8559-7423b62b7979"
"1401983017","bccd77a8-e7f8-4e9d-9c48-3c0d94dbed78"
"1680502","63ca5a2b-f79b-4249-8a23-3f195e628628"
"1641386905","247e1794-782e-4cc4-934c-30d07ff6c912"
"1398441802","6859be28-ffc8-43fe-b69b-58daa891e189"
"38971511","fe798839-c6e3-45d5-a116-d6cf1ccc4343"
"1734823","c68f0d09-1e9f-45f8-ab26-f0e12fc8b9c6"
"151112226","38d08bf1-1aaa-4ef9-afda-eeedc7ebbbf0"
"1397165415","62b873ae-9550-491c-84e9-bf649ad0087c"
"6634701","a861813d-7fb8-454d-86ec-9bcc6f284f55"
"145794277","3f6173d1-95cc-4632-b6c9-4496122ecc60"
"3120037","3a32ec87-b43e-4f6c-9455-27bab2aa76eb"
"145548411","0201081d-6a31-4d6b-8986-f653b13c5d13"
"3001854","1e16ee15-c911-46c4-94fb-c2eb06fa12cc"
"2782896","c35228ba-2000-4413-89f3-ffc62bc11bab"
"145449667","471baca8-0645-43f5-9dc7-d9e7080e4669"
"3251920","82c0d7ac-2f88-42d1-8ded-b94b6018f6d6"
"145327825","f80bdda9-22eb-4dd3-b46f-c1f0f451b6ac"
"2109341982","7b768dfc-d0eb-40f5-b25c-2a838691cd1f"
"2418315","67507981-eada-4963-808f-00b798fb9f03"
"145531067","aa3fa9d0-9127-4f36-99b3-985d6da3a74a"
"1398284511","090fa54b-c12b-4849-a086-f4df4c6ddb31"
"1808218","7341d41d-e208-4b93-80d7-8ce0ba7051ab"
"50757931","98de729d-1707-4971-a529-3c569b63c39c"
"24769718","a158a54a-27ac-4174-aed3-64674697ee4d"
"144423484","0df0d771-d6cd-44ed-9aea-d597500e98cf"
"1527104527","568d2dd1-38a7-4ee0-b604-de420d975ccc"
"40501005","e97239e3-1e5b-47a2-8a39-98d965bb13ae"
"2455282","6af06d1f-bb0f-4bda-863d-c4e6f329b7f0"
"46323254","00f20c15-0a7b-4678-972d-6512b856be24"
"2122332104","6d6db21e-26b4-49df-9e87-7289fe3eaf8c"
"46965265","50ff9cc7-91a5-4c40-9ca8-f42f84132ede"
"152257347","66f95f76-f911-4315-bfb5-611dd22d1a12"
"1700953036","acfb5b65-7f25-4637-a4a2-8e6793438bc6"
"122316116","3b631d5f-e0bb-4102-b3b6-50b79967de4f"
"31934672","d7b9d28d-b8f3-407e-b9ef-9002234f8a56"
"1453724884","d25cf0fb-226b-491e-9571-4be79a01d479"
"2070467423","bdb6df3b-2a4c-4ea4-8374-754eb5394fc2"
"1381289391","382c04d3-0f77-4862-9185-ac2b14b46f36"
"144910102","ddac31d4-88ff-41b1-b586-74e563ded058"
"2289236","839853b6-a070-47df-8cf2-9539dcfc9cad"
"145436642","ce297b46-5d9a-49da-87dd-8d1b2c809a77"
"2081369653","c046002b-469a-4bb4-a658-fb8e43c00283"
"6578890","cd58b443-fb45-4fe7-bd9b-5200886028b6"
"143698682","1fc40068-8d95-4260-afbf-8aebc30ca211"
"2091355118","7c316586-3752-47b3-919b-6b5a14bfce6e"
"18997752","2d5bb02d-2f86-409e-9534-dd965228c1f0"
"9564423","5f8c657d-ff60-4435-be12-d9000547aacf"
"144126658","b453a313-32bb-49a1-9365-9825cf48eb71"
"1697402","586260cb-567b-4312-9e5d-4cd6546539be"
"1769931","5c739797-5424-45b2-b497-f2637b65a232"
"95257851","33080e23-0c3f-493b-88d0-d1e04cb51f88"
"1772549","729ea51f-3702-4c1c-ab64-ed5b05ea4b02"
"38900275","1d93a134-e01f-4511-bd4d-2540113de649"
"2035863","0d8d6c93-7414-4944-9bf8-1eed530ee7c8"
"34664064","4e8d29b7-929f-4353-b7f4-07a27066ba5f"
"145130156","f1eb9e2b-ae89-451e-930f-07715c372648"
"2136350254","b236b241-b933-42b1-8948-17d99a33a653"
"3247592","0702b38c-d430-48ce-8d68-4f79dc896288"
"9941180","a158a54a-27ac-4174-aed3-64674697ee4d"
"66675505","7151012e-b6f0-401a-85e9-0e44fe8bcc14"
"22250492","8f0ac395-3aae-480f-b72d-811aa2388ccc"
"2964640","b5312881-061a-47b9-bf22-564a9a3e567e"
"50733703","6a3af27c-8cc3-4351-876e-a2025698dd0a"
"143698682","9ed92e6c-b021-4051-9de3-c71917549842"
"22799258","331eabec-4966-4186-93dd-57db2e23ea4b"
"2807081","8875d788-c321-4c12-bd87-e1121ce335de"
"144608002","f54b3169-0232-4d44-992c-6302501000ca"
"39888032","7433c225-58ed-4e9b-a2e2-a6e554da3e65"
"6033585","125aeb1e-960b-495c-b1c8-9dcb3c16637c"
"38971511","2e526f7e-d051-4db7-ba5a-f83e6820890f"
"34956744","06769954-5179-4650-981b-1246963ed817"
"145338263","a2acff2c-9b69-422e-bd7e-9858d623c953"
"1758091","4f5b2e29-7bcd-4ddc-a87c-775bbfd1a996"
"9725200","3adcc5ce-8726-4cbb-8064-a3d411b06352"
"2356823","72285b1a-b770-4c2a-b585-df2cf994ae01"
"49708660","af69b796-1c75-42d8-b5cb-acbb8cfd2482"
"3776828","9e74e755-a9cb-48ca-a74d-759a3be863bb"
"33642939","b6778b1a-de54-4610-8932-9669f7a1c19e"
"16777650","2a282177-dd87-4b6f-a7c5-11b602f7567b"
"2155897153","b6117c1e-56db-4b4c-a424-2068773bcc14"
"144175437","6b3846f2-a255-4004-9f8a-88106cfe7e25"
"152755182","46ea4ce7-0e3c-4927-b873-4df0b56e2636"
"144908066","6a7510f7-9cb7-4341-a90c-7be6f2e4fab6"
"2621022","e23c8464-ba26-45b8-bb73-d24e2fdd1da5"
"1739181888","d45de426-6605-44dc-9e82-493a4d9d7da2"
"1403126769","195eeb98-97e6-4350-aff6-b60017c01d97"
"47085377","59531817-f787-468a-a4b1-866fd063439a"
"2613576","222cde2d-a91d-47ae-abab-0c6f93634021"
"52205400","369102d1-f00d-438f-b2d6-ea291e08e347"
"2464543","eb946e05-bf86-4f4f-bfdf-0a6785bd8412"
"38188040","f0e0399e-252f-4ea7-bb1f-ca59d3bad739"
"3383328","c7d28d05-8cba-473b-8559-7423b62b7979"
"1441290951","eb6d23d6-7ba9-4834-b4d7-79d8f2e3c4b7"
"144411037","44b789a9-d347-41b4-a795-c43d00d0d79e"
"12242573","20ef6efd-fa22-4ca6-9a64-96a23888e21c"
"3776828","95229925-9bd1-4570-9ddd-0b558cd4d5d1"
"2766201","d0b3cc27-1b5f-4f80-a7bb-413ff4bdfb5c"
"46437970","ae989f26-bbec-495a-9b4e-eb6fc72a8bbf"
"6437592","0a3451e3-011f-4245-9e75-de18650e1032"
