eventId,editionId
ad34e82f-f936-47a5-9c78-c4453dff3f60,bb4ef8f3-6eac-4f7e-8429-259c32f28bbb
41bf9ed3-85b3-4c90-b015-150e31690253,6e15ce2f-dbc2-4511-af72-c1526d1a285a
ec37ab61-bda3-4666-b030-93e91de580dd,a6d1d0e9-d1e9-457f-952d-e0e40625e61a
906a26c6-9eef-4b5d-b6d5-6dcb37e21fc2,7e315c56-1d8d-4725-8280-86bedf5ff63f
528ced1f-e949-4e1a-8fee-2ffbf0be551d,2f470c2d-bed7-4e81-8b8a-67a3b29b5fb6
41bf9ed3-85b3-4c90-b015-150e31690253,20fada34-727c-4ec2-bac4-664c5d723b01
b1596c85-df27-4f9c-aad9-b3d3266a187e,94c0cc01-c577-4d5d-b102-2fcb6512a46c
4b1e9464-e30e-4d7b-bc4e-7264830d1188,1b756811-9ff9-4a45-8bf0-1ad9ebe4bf20
1e33b3be-b2ab-46e9-96e8-d4eb4bad6e44,028fc032-0b1e-476e-9b47-fc17a71c999b
ec37ab61-bda3-4666-b030-93e91de580dd,fd7cd9c3-05b3-4aa7-be8d-3ae12e8146f0
ca5cfc75-dc48-4afb-8c26-7ad4d5f518d1,5cf4ca49-dc84-4302-b0b0-55b10df8f3e3
289bfdda-eab3-4c9a-97be-ef1e0f9ddfc0,b9c74f04-bd23-4b93-b4ab-662b695fe449
e6904c24-9546-4135-8344-e3999e375558,64e6ba4e-87f0-46a2-8ae7-1f55a05f3eaf
6363ebc9-706a-4203-b804-148cbf8810ce,ba1cb414-003d-4313-a4ca-c55436d0db66
a59db0cb-8287-4db4-9378-0eb4c692f830,d3c484e3-fc60-4e73-94cc-ca8285ebfe11
b328bb7b-9f50-4192-9616-e2eb72ef41b6,3cc353d2-8540-440a-a952-cd42bb2045bc
87ad3a52-6dd9-45bd-a0f2-f87453c491ed,48aee7d3-ea4e-4416-84eb-ff20d7b88f94
6f5ccf6c-fd96-4a04-9b0e-f1eade928757,ef90fca3-8d13-4120-92bc-80e900aa931b
5aca6456-76d5-4208-84d8-a6b60228b52b,83c3f94e-9b46-480c-a659-0c5daf7b3b9f
4a0a181c-3807-4883-8ac2-b0ddf5f46497,6021684d-8596-49d3-b02b-fbace93a86dc
6336131c-2f71-4f61-bc3b-1bf31ec9fa3d,e051bac0-e18a-4b26-90aa-e751a93eee93
ec37ab61-bda3-4666-b030-93e91de580dd,253d8255-2a89-4607-a93c-a612bedce60c
1ec5a55c-414e-4f79-b7dc-48e1dba3618e,d320e9e3-41e5-4c4f-89a6-6774f571614c
3696b026-92cc-4f40-b606-b22669179424,a1ecbc56-fdff-400b-b5ef-2f5dbfa540eb
975e1529-a14b-436f-ad7e-a09d8eabc50d,96ad007f-3479-4aec-ad78-582f692ccc8d
46990654-eb6c-4674-96bc-ba905dab2a86,4d369177-d251-4123-85a3-f08e6ae48640
cf6b5e76-9274-46e6-a2dd-7c190ec2ec5f,a576bc87-cb6f-4542-b24a-aff5c36beeff
a36dc29e-4ea1-4567-b0fe-1c06daf8bee8,69575fb2-34a6-454f-b1f3-61c04f6bf654
9213b848-c171-4f98-8c0b-e69f0b41941b,085f8374-5b41-44f5-ae91-7d7b2e93c672
540f1ce2-26a1-4402-95c5-f25226e5dc8c,03f38b13-8558-450e-9cd7-29b284f3e7aa
87fc9c3c-cc7f-42aa-ba71-2700729a6788,0351d8f9-75b9-4aca-885b-c01c40af99d6
0d6f7fba-7092-46b3-8039-93458dba736b,6f962ecd-82fe-4032-bf55-a59faf59bdd0
b3167983-71bc-4445-b0d2-bb1fa53c32f6,1088ac66-0110-4112-8eed-3f424720b905
8aa2db06-28c9-4f0d-ac2e-f4ae6053587c,ca965d44-f5e9-49d4-83b8-4a3c6a64e576
f80ba4a3-7aed-4021-b4d8-e4f50668847a,92255d44-2ce2-4a0c-af25-61e2085a1b01
8113a511-e0d9-4231-a1bc-0bf5d0212a4e,5baef818-3e72-4a25-9a4c-2242317cf153
d50167dd-c59d-48c7-98a9-928f7f8c3223,5f01d6e9-22c0-443c-ba76-d0c27e319304
bdc2e585-4e48-4e36-8af1-6d859763d405,b2b4c2cb-6e56-4a28-8a84-80ab566d7f8b
b02cf974-33be-46bd-9cbc-022db6cb7151,f4f490f0-1f24-4605-91ea-ad1805ec766a
ffa223d8-026b-4e03-9fa4-eece826c31ae,e7d6cbb9-f5a8-4727-96fa-2e0e92e9ab77
b189dec0-41d0-4cea-a906-7c5186895904,8ea396cf-144f-4858-a0fa-3f98e912cea5
b02cf974-33be-46bd-9cbc-022db6cb7151,7490a3b8-fe09-49a9-ad03-bd19d97090af
abcfade0-4cdd-4b9f-bac3-fa13022b0a51,30df5c89-7bfa-42d9-bf42-77533a936615
41bf9ed3-85b3-4c90-b015-150e31690253,c8ba3bf3-0957-47a7-922b-d0749ed938d0
67f7f831-711a-43c8-8785-1e09005359b5,bccafab1-de7e-46fc-8a82-4be7e853f280
cb55f70b-f8f9-4ae0-8b67-0f0105672b4b,c76d2c0e-6b11-4d50-b3e2-be209a91c379
92e50051-bc20-49bb-9a4a-24dd922b146f,57ecd68d-e31b-4720-988d-1bd9a86b574c
66e8920f-d30a-439b-9e9c-bcfb052b0cfa,9648753a-bed2-44cf-8b45-10276917fae3
47c47088-7640-441b-85ba-375fe8f5c3a4,a4e2607b-9590-4bfe-b592-1b84d3c0b066
768b87bb-8a18-4d9c-a161-4d483c776bcf,1c7bb804-267b-4049-90a7-106a6b3aa5d9
6336131c-2f71-4f61-bc3b-1bf31ec9fa3d,638666b5-28b4-4954-bb44-13ae32af8d06
49bb481c-95dc-4e09-a921-95f6c7f78ab8,3b5bd6a5-8370-4ad2-978c-6b50de154653
ab066af1-bfee-42da-84bb-42f7e199d0d0,9cb5f935-43a7-479d-ba56-2ff911fde4e4
87fc9c3c-cc7f-42aa-ba71-2700729a6788,ff8338fb-9fb5-4247-824e-5cdab2491ca7
51227d50-1d22-48c8-ac32-5466d5c3d16b,b22d0d73-4dd9-45c8-a524-e43822e49153
99db3270-3deb-4e55-91ee-b248735ea59b,f23caebc-8e63-46d0-9a7b-04199132f360
f00743e8-9418-493d-9c35-af74f28884ce,837aeb5c-d6dc-43df-8eb7-5073c52e024f
6cc5a7d1-3d71-45a3-b369-4934294e7f16,e3c13484-f1ee-42d8-b435-75af1095ce5d
625842ea-b2ac-4832-aa41-6bd142cfc9d9,f0ee443a-59c1-4e34-9b15-b895e6852e37
47c47088-7640-441b-85ba-375fe8f5c3a4,6a22c83b-720c-40ac-b127-cc752fb18085
ae4fe9dd-c7f0-4f70-b475-92e2f98d3029,a363d44f-0340-4978-b667-b521de4fedce
b189dec0-41d0-4cea-a906-7c5186895904,ed9a3386-4aa3-4aef-bb64-3d03f206ba35
a36dc29e-4ea1-4567-b0fe-1c06daf8bee8,ef611ad0-5bfa-4e0a-b6a8-af6f4bfbb453
294911be-9099-4a8f-9b8e-832d1916ba08,c824f020-5394-499a-92ef-0442ff684ad5
663c675d-9f77-4858-afcd-97de12155854,906155f3-cfca-4d29-ab83-1e33af2bcd24
d7907408-25bc-4816-a81d-4e0f2f6482c8,7f810a66-0d1c-43e1-8489-3c38d005dd9c
73f7fe95-b68b-468f-b7ba-3013ca879e50,6c2ca620-d11b-441f-9401-2b54f3b0c061
b8d8437f-4a22-4452-9d2c-60d7d9d14eac,9367be5c-b225-4e58-ad0d-591816af0ad0
e6904c24-9546-4135-8344-e3999e375558,edef7b0f-1acb-492d-850f-b1ee9fd13859
7f92b1d2-f2b3-454d-adbe-ff02c83fe404,553a8233-b278-428f-8034-0738875a2399
cb55f70b-f8f9-4ae0-8b67-0f0105672b4b,1a35141c-49dc-401d-8723-8f91cadc7f16
553a8429-d8e0-4f8b-9721-d6d193c55853,60057d69-1c24-4730-bcbe-d77b0c3c372e
72a6d50c-86ae-47c7-9a0e-54e5746aacee,4aa4257a-8275-490a-869a-9149eecc2cdb
bdc2e585-4e48-4e36-8af1-6d859763d405,749b0914-f8d0-448b-8b4d-27c5d627efdc
71826259-dbc2-44dc-9ffa-abf8abd1514e,760bb69d-db6c-4327-b796-3d92ef9882a2
be878dd3-3184-4e2d-8d9b-d406ee70a099,8094bbd7-f978-4346-8be8-05e3edcaeb2b
67f7f831-711a-43c8-8785-1e09005359b5,d5105156-a43d-42c8-84bb-a5ca0553e6ed
cb55f70b-f8f9-4ae0-8b67-0f0105672b4b,fea45742-7a40-446b-b167-324294469a5a
8de18c35-6785-4e54-99f2-21ee961302c6,0bf1ee10-a228-4363-a71e-08512c096d44
ba1e9488-a629-4abe-a0c2-ec2c79c91616,2684c246-227c-4df0-811e-3d50230718dc
1e33b3be-b2ab-46e9-96e8-d4eb4bad6e44,f4248227-62c2-40a5-9a89-3473825a98ee
a0edb93b-1e95-4128-a295-6b1659149cef,fab8a660-7d26-4116-9261-a914eb333d85
1dd57490-36c0-4706-a939-6ba41a501209,a4820f34-489c-4ce3-acb8-4a87c6826a65
3f2626a8-9d78-42ca-9e0d-4b853b59cdcc,797c41af-364e-44b6-a3f5-97e22f8daaf9
6363ebc9-706a-4203-b804-148cbf8810ce,5591ccec-6862-42ab-9c7b-21ba67cdd330
1ec5a55c-414e-4f79-b7dc-48e1dba3618e,841f9bee-1cf1-4635-9c49-84d18aeda18c
6363ebc9-706a-4203-b804-148cbf8810ce,231e155d-c09d-47cd-85d2-2178d89e5f3b
a966c5e8-76dc-45c0-942a-3c7e41ac9b1a,a58374ea-abcf-45a9-b2a6-d4f30aa0955a
e84bb5a1-8f79-42cc-8eb1-3a52f7c73d63,4011f50b-fd81-42f3-8b4c-8f8b97ba6cf1
9b87904d-1bdd-434f-8107-477813adc7d2,f9adaf4a-b6cb-43f1-a256-9fc7d973c44f
aaa9c845-192a-4560-bcb5-aa56da10b9ff,56e76585-df3a-45b7-9507-c6af87306fdb
8e348218-34aa-4df5-a662-0a4b194b489c,d32c29b1-7b30-4ac9-9b4b-00aa5cd19fd2
1c2ab05c-7d69-465e-929d-0920857aedce,42002d24-9d21-408d-887c-0cfdeaacce80
1e517cb2-1ca1-45b8-964a-456366bdcdc1,81367517-74a6-4e1d-8a99-5c99169e1bc1
53c5c62f-c80f-431a-8dd5-a99b18a8dc4c,4d5f876b-9913-4dd1-b2ec-df8af41381aa
0d6f7fba-7092-46b3-8039-93458dba736b,8c5796d8-b6f8-4581-9bb0-1ec8e9ca7f54
b02cf974-33be-46bd-9cbc-022db6cb7151,56cff075-05bc-42a4-9f11-25c5c42f1c3a
ad34e82f-f936-47a5-9c78-c4453dff3f60,3fee01c2-3f3e-4904-aae5-336cdc8bef97
00e31f26-8a90-465e-8962-9ff3fa9d6f0c,6ab0cb3c-574a-486a-93cf-db560d235b4b
486ba741-dd9b-4d83-8b85-730cdb6b0d84,66694cb0-ced3-4d8f-9392-9abca176e93e
764e3630-ddac-4c21-af4b-9d32ffef082e,12f22332-86f2-427f-ac83-030f79f320c0
9aa57e01-2dc2-4422-93b7-2b628326f78c,064b7c50-3c3f-4e29-8a16-5a3e4241c39b
3e98d46b-64ac-4093-8f47-44da65ebf02a,4edfb8b4-1153-463b-8b74-7c68dda4303c
0bddd5d7-2897-495a-a961-465abe6e04de,9c7a4417-57ea-4722-a6af-fabc9629ac2c
6cbed6ad-fb46-4c9a-8477-75227ff3a47e,f58dd7f8-8556-4394-b558-c8b6394c7377
6336131c-2f71-4f61-bc3b-1bf31ec9fa3d,363be3a9-375b-480a-a4e8-0ea82c3373d6
47c47088-7640-441b-85ba-375fe8f5c3a4,c4986927-ea36-4f0e-bf23-eecf1384bb28
9c458056-3a41-495e-9950-29b463d5dfac,db8c7db0-1ccd-46e6-a102-b67dc9592c77
d732841e-83f9-49ec-95ca-389e5568634b,3add2063-f2de-44ea-8181-e75e3e0e411d
af941ce7-e210-4891-93b2-3d5154cc37e9,ff3e7bf3-cf7a-4353-b94c-7a58f98dabea
77b9ddc5-d0cc-4243-b011-f93090ddf584,50e36986-f877-4903-98cd-bd2fb73247e0
7654260e-79f9-45c5-9663-d72027cf88f3,f01ece23-b6cc-4ae5-bbad-a3122ef7e48d
d17c802c-e89b-4bcd-81b1-22f8921283fe,f1a230a0-2d15-4cce-aaed-6bec100b1e03
92e50051-bc20-49bb-9a4a-24dd922b146f,0afc29e0-8092-4cb6-9ed7-ab5ed177cbbd
9213b848-c171-4f98-8c0b-e69f0b41941b,d8907338-d8b0-4420-90f7-6d1c9ca074f8
a5c58053-0673-4cdb-b2b8-b6b0ad6911d1,b25079a6-c538-4aaa-9e5a-6b8502aaf19a
8dff82c6-607a-4f61-9efa-a66d43226f8f,dcaa00ad-4b7c-4cce-9ad3-f5d4cddd55ac
ab066af1-bfee-42da-84bb-42f7e199d0d0,07f1ab29-eb49-4a69-9b84-123b52384310
ad34e82f-f936-47a5-9c78-c4453dff3f60,43db2057-214e-4058-8668-ea262b42e6af
ef3e0f36-d48c-476c-b829-4e1eab47c7a4,3f338a41-8d8e-4d08-81e4-48e3cd1e6d02
844ba2bc-245b-4273-ab1f-060ffe511ebe,aac666cb-9f85-4839-87c0-17e303d75807
d8655d54-1311-417a-91f7-c5c6daf8fba2,69a19efe-a4cb-4cf9-a8a5-11f6de0917e1
4144b5fb-0a80-4663-8ebf-80ca0c47231a,b54dbc77-dc91-404f-9f6b-5212f03ea35d
6336131c-2f71-4f61-bc3b-1bf31ec9fa3d,e8d56828-cfc9-47b8-b55d-fd160c9ccb00
0d6f7fba-7092-46b3-8039-93458dba736b,b596805b-3859-43ef-ab97-0a7ba4af4577
890c63fa-e5f7-4a31-b830-c416160ec6f7,467343e2-7eae-4089-bfd6-514896ab9aae
4a0a181c-3807-4883-8ac2-b0ddf5f46497,3cdd69f2-3ccc-4ce4-8751-d6f10841407b
8c36c300-10f5-4008-ae53-6371fcc3030d,a8660214-785a-4848-a921-ca0bc2d543e0
611df23c-afb1-43b3-87c8-c41fdaec9fde,d9a4435c-a999-4657-b3d8-66fb24d5ba3f
6be078fe-e448-4123-8096-25493e7a2502,4b9e81e0-1f0b-4eca-9006-a3087f9c53c8
80bdf04b-f7c5-452d-ace3-3960483ffdfa,6b459e1c-dd94-42e6-8a7a-a88c4e40f697
540f1ce2-26a1-4402-95c5-f25226e5dc8c,35d10b6c-1ffb-42f3-91d4-b62cd2594047
53c5c62f-c80f-431a-8dd5-a99b18a8dc4c,354e80ad-371c-45db-84cc-81566b97a60d
e84bb5a1-8f79-42cc-8eb1-3a52f7c73d63,95db53c6-f8a9-4519-8a56-f8dfe407682d
06c79cb1-7f7e-420d-ab66-a6d73964a1fc,1df7b16a-5d17-4c0d-91cc-eedd645969b2
a974eaab-748d-4fd3-8b41-72831ed1df6b,41934685-f3de-46aa-ad2e-cfc6ab99ab38
74f47cf8-2839-4a56-959a-524dd0ed9e3e,18896698-4c21-4af8-a8ec-d3fd4f770fd1
87fc9c3c-cc7f-42aa-ba71-2700729a6788,d89d45f4-a0f6-4251-897e-59a4e51dd87e
b8290a90-8929-4fb0-9578-a387f538f211,c9cc8417-f48e-4434-9df0-b1fa929111f2
333df530-ff5e-429a-9f4b-cab7db29df98,2cfeba21-075b-4cc8-bb5d-2f1cf4861c69
b328bb7b-9f50-4192-9616-e2eb72ef41b6,1d3eb10e-7bde-4c18-9401-951010a6d4d9
e795213e-9a07-4d48-a477-6c05448b9a72,4553a840-d398-4421-a1c2-97688609b466
6cbed6ad-fb46-4c9a-8477-75227ff3a47e,2b8ed035-56ac-434b-aa50-31f21146c387
d6dd0471-263c-45b1-8c75-ca4c683398e2,8780249c-0e1e-4c14-ab92-56355a4789a6
0cb0dcea-43f4-4a34-a1c3-ac211434f660,c1f92837-73de-4ed6-b919-56f2a7a11a77
0d6f7fba-7092-46b3-8039-93458dba736b,eac4c471-a107-4690-b1ac-c6c48fb9b71e
593344cb-eda4-42fe-aed3-468969e4a676,5a3f98a8-31e9-49f9-9ac4-df3b70ebad0a
0e6e8f0a-455b-4be7-9d4c-5d6f93bd25a8,a80949ed-d045-4866-8a21-7ae20ee5c0b9
ec37ab61-bda3-4666-b030-93e91de580dd,a58581e9-3d86-4569-ada2-e0e7b1e8b8bf
87fc9c3c-cc7f-42aa-ba71-2700729a6788,4368efd2-f39c-444c-aa2a-242880ca2466
4559e74f-92df-4525-ac13-753b41649604,d57904bd-7378-46fe-87e7-9a339c3199f9
ffe5bb5c-04ed-488e-985d-d3a7b39542cf,19de3382-1966-4c10-8105-a34b26e74dd4
e99415ea-f28f-4d26-b81b-630e82b5681e,95a73b51-b148-40bb-95a1-a928da2538be
0d6f7fba-7092-46b3-8039-93458dba736b,9868586c-f651-459a-8cbd-ae60a86f14d6
bce97c16-ce21-4e56-ab0e-0060085c0d85,a3d7da54-d57d-42bc-a0e5-98b5355a5560
fc0a208c-acb7-47dc-a0d4-af8190e21d29,80d85f5d-d295-4fb0-97a3-015092db28d4
49bb481c-95dc-4e09-a921-95f6c7f78ab8,02732534-8787-41cc-89a3-8d47ba6acab3
316506ad-c672-4283-9b3e-3f126d973e85,2b5affd6-4eb8-4724-9e66-fb27abdf988b
d6283871-df25-4880-9c85-46e9830f0d22,df8d44c0-ff26-4272-ab2d-191fd838dae3
e574da12-4e4c-4b78-a203-ae3719c0c4f7,a271a98e-8bd0-40ef-8acc-f2a840b97e61
4076610c-1337-43ac-8695-42d7e74ee8f0,1c2deb82-3a12-4dd0-a551-b380b509de9f
b1596c85-df27-4f9c-aad9-b3d3266a187e,5edb6be2-63df-4dc9-95b6-85b926d0d87f
0c7ffaf9-74fc-4c66-a398-d5f8bff2d79d,ed1954cf-3d5e-4dbc-853c-1710fe0faa80
22466e99-8720-4629-9169-4469e385e4d8,cf421a05-5402-4621-952a-e8b3aa53dc67
1b767051-ba1f-457e-bd23-1b483c7029c7,d737b2bc-92b9-4d09-8f7b-18d90723a59e
29df4b17-9a16-4a4c-94a6-002f52e628b4,b0b6b5a5-a261-4e9c-8785-b3382f018d7a
a0edb93b-1e95-4128-a295-6b1659149cef,5d19c715-d67e-45e3-a62a-da2a572345e3
72b1619c-55d6-4f98-9218-23cd8aa74091,746a8251-2a9c-4caf-9f5f-d94b2f06575b
406d9f60-417a-4dc5-a6b7-1fe4689a4ff7,ee21d237-11c9-4ff5-aa6f-450c4cbe0de9
1b767051-ba1f-457e-bd23-1b483c7029c7,4f9f40c7-f214-408f-bba2-ab61940a691c
1666219b-23e8-4300-acf2-d044d744a3f7,0a8e8369-f14d-49b4-9685-3a473b6d635f
eeb4c8ae-6323-4654-be94-5218b2153b98,2c5327b3-a577-4045-a277-416734bbdf21
c56116d3-225c-47c9-a4d9-f935e32f846c,ce327f4a-871b-46f6-a3ab-c155b055ff61
ede12bac-98d4-4fd6-823d-e8a6c578a52d,e929ae93-3b14-4f5a-8111-9dc499e6b3e4
86c43745-31d9-4c1a-b33f-ce3aa0042dbb,e653fb17-c21c-40a6-bd12-78f55a47521f
2a7ac430-c70b-4147-b72a-237f8cba9f27,0e2a959a-feb5-4098-b931-637dd1726bd6
f1c5ab66-e090-4fac-abc2-5ae31b06c484,cd35539a-28d9-4c51-9015-d88b8a83ab9e
91785da4-7c6a-4e13-936c-0a801a1ef895,be09e7fb-47fa-47d6-8c52-d2630836e46b
764e3630-ddac-4c21-af4b-9d32ffef082e,4e3e7b35-85a5-4587-b8af-74f3721b944c
764e3630-ddac-4c21-af4b-9d32ffef082e,e2f793c6-eb39-415a-906d-5c4387aaab8a
69abe422-ea90-45e0-a2e2-3aa1f126bf22,4dc5910f-cc00-4e37-81fc-38781c9be6bb
d4610af5-85e0-480b-8773-5c71d92a7b99,7da53faf-36e0-4416-9bb6-9bd0f50c2837
764e3630-ddac-4c21-af4b-9d32ffef082e,efbeec43-0afe-4708-a67c-efeec6dcb816
1b767051-ba1f-457e-bd23-1b483c7029c7,35eb9211-ee57-4a6b-b323-2b1a9849547b
8828f201-af6c-4f3f-bb4c-0f6cd74f913a,ff744f05-5103-4c6b-a0ec-167b11047442
764e3630-ddac-4c21-af4b-9d32ffef082e,760ed92f-a592-406e-8d91-161eff52032e
528ced1f-e949-4e1a-8fee-2ffbf0be551d,4ed69868-6bf7-40f9-a5ab-008cb7e5738e
da625a67-4bac-4737-81b6-af5459021b72,7b7c7036-8d99-4a98-b67b-41477f45bc36
04704eac-c56a-4ebc-ab79-086ff502261f,1e35852e-2fea-46e0-bc52-b0004307edd7
540f1ce2-26a1-4402-95c5-f25226e5dc8c,6e5a81f1-1c4d-4394-b626-5c5ab0d12c9c
1d72e5bc-120e-47cd-8320-4b474c2821da,561cebc2-e686-4431-8aa7-83ee910a345c
0c1420a4-aa9b-44f9-b264-ba3ac5c37050,97ffffec-0e18-43e6-9f91-9bc5f847d56b
a59db0cb-8287-4db4-9378-0eb4c692f830,14fc3a47-ea59-4eb3-a077-00a92e0e117e
e07422f9-c065-40c3-a37b-75e98dce79fe,9f9c40c0-1034-49ac-99ca-c216844cf587
294911be-9099-4a8f-9b8e-832d1916ba08,514308b2-00d2-4e0e-ade3-281e1d70cff6
e1ce0fed-d655-40bd-b678-9adc73f2e582,2be4a363-dbbe-4df6-a9fb-a28ef5d6b257
49bb481c-95dc-4e09-a921-95f6c7f78ab8,3d3fc7c2-ce3d-4377-a923-fc2276eb8a5e
7cd7bf33-3c9a-4b3f-8b1a-177673c6ca73,d028821e-607e-4a95-9082-b0e8076c36be
0942fb86-c16f-4084-9902-10ddcfe18180,32b8547a-ae6a-4fee-bffe-e9dec71a90ac
1da7d7d7-0481-489f-b27d-98cce1ebdf43,0b306800-3fde-4197-9f6d-046e769004b5
fe4d09f8-d278-4bfb-b73a-1a6a0e22f6a3,a855967b-0036-4c92-b1e8-9bbb3cd926e7
e4f51561-5050-4b9c-87c2-c49957677fbf,54a0c822-12b3-4094-9702-3352f20c10fa
764e3630-ddac-4c21-af4b-9d32ffef082e,dcbe51f5-79e0-47fb-ae2a-3569d3a9cc1c
9181819e-530e-4408-9917-93c5f58d7fce,f0af7c3d-0e75-4907-b074-1e0860aa11b7
e574da12-4e4c-4b78-a203-ae3719c0c4f7,c2021086-1f99-4e5c-80b7-da6c1949d586
1d75cba9-b818-43c5-86d6-73946f6e0b9c,fb0dfbf9-d902-4322-8850-25c101dbb283
66ed40aa-947b-43ac-9a6b-57d7871c83c6,f04de9d6-b6d9-443a-8c48-ea34e46be528
7431ff67-91dc-41fa-b322-1b1ca657025f,7e809d70-ae66-4e7e-b58b-bff1ac19f90b
b189dec0-41d0-4cea-a906-7c5186895904,4fda8d84-9b93-4532-99b9-b6b308a982a1
255a371e-2a0c-42d1-b4e7-c3cf3e21c89a,3834cff8-506a-483b-97a4-b9c87bceb490
d6283871-df25-4880-9c85-46e9830f0d22,69c13091-83a7-4979-bf74-e69cc7668110
bdc2e585-4e48-4e36-8af1-6d859763d405,4668ff64-11ca-4e7b-aed0-7720026959bc
72017ba4-9cc9-45cc-89cb-ced49936b1c0,c24b415d-3d5e-4f2b-9486-7b27a152f60e
ec847398-e836-408a-a7f4-f18380315baa,81d1cbe5-8d5f-4500-b975-e43318b7da23
0597d0e9-7b01-49cc-817d-8eb0725b464b,f0035711-9dae-4049-aeed-dc306e5b9767
75c320af-0c2c-4aeb-a9e3-fc88ce815ac9,6a524010-8d4b-45cf-843c-52c5d493f71e
5dfdcc5e-f28b-42bd-9832-bf3894169b1c,ba91ac96-b6cc-4bd4-b2a7-44bf8b4eaa33
0b633ca7-6ee5-4042-8a7a-a38d8892ec16,58d43d4d-1801-4132-b925-6e192c7a8761
4bbf5bf8-63dd-44c7-a46b-00949c8026bd,f1ecc46b-5477-4262-9d0b-0502aa598ad7
7f92b1d2-f2b3-454d-adbe-ff02c83fe404,b0bfc454-2dd0-4487-a1e7-34dcf86a4518
d4610af5-85e0-480b-8773-5c71d92a7b99,0c691267-7753-4f7d-a493-317574148dc9
e07422f9-c065-40c3-a37b-75e98dce79fe,a99e0041-7196-446e-b1d0-8aa2cef4423d
deedf64a-dd5c-4b33-b345-ff83bfb93d71,7a692ead-2878-4c11-a7b7-b18f4135013b
406d9f60-417a-4dc5-a6b7-1fe4689a4ff7,b5184f98-4916-47b9-9bb3-af80dca81104
68728e39-569f-412d-9bb9-59150b16b45c,26e2c1df-3dc6-4434-beb6-4359478ad77e
9846de51-dadf-4086-9e40-62466a7e2c87,7d774965-51f6-4945-a357-e05b062bc2b1
fc0a208c-acb7-47dc-a0d4-af8190e21d29,c40784e2-86d1-4708-b8e6-efbece11b8ce
0cb0dcea-43f4-4a34-a1c3-ac211434f660,3ee0275c-7ef5-47cb-a6af-753627d971f5
b55b50b1-aae7-47a7-b042-8aecc930073d,c969d384-8c03-41e7-ac17-4d934983d29c
9181819e-530e-4408-9917-93c5f58d7fce,ced6ff28-5e84-40aa-b7e9-8c6460f15319
51227d50-1d22-48c8-ac32-5466d5c3d16b,159ede0e-384c-4659-8904-cdc1ca758f0d
6336131c-2f71-4f61-bc3b-1bf31ec9fa3d,7df30e45-2bd3-4352-a71e-e477bf70c415
a00a1a4f-16c6-4360-a8b3-a3f88d2fe78f,699e7f48-4c29-4b47-8ea0-2f6521b59dd8
914d4734-285a-4cd8-bba1-eec0db26a512,dda3ccbe-b381-4296-9095-4a3ab9a816e0
2a7ac430-c70b-4147-b72a-237f8cba9f27,4cb59219-5510-45ca-9ed9-f0975c37c264
5ea3b256-b7b3-4ce5-b0cb-a6bee512e027,33dafe97-d8d6-4621-8be8-3d1d6d45a20d
d17c802c-e89b-4bcd-81b1-22f8921283fe,ab473c29-e8af-494a-9958-162a7c99a234
74f47cf8-2839-4a56-959a-524dd0ed9e3e,96ba2ce1-f8d9-412e-a51a-9df09f8b20cc
67f7f831-711a-43c8-8785-1e09005359b5,99cc37e3-a820-4657-a0ab-56724e65dc4b
914d4734-285a-4cd8-bba1-eec0db26a512,5b6c8c11-c4b6-4260-89ed-59f9a05d8707
1124d164-490d-4da9-b0c2-ce8a8dc98202,0a8919a2-b48c-4973-9843-145c606a30e3
7fb4b106-3313-4a90-b54a-848bcd62f1a6,f139c72e-1dd0-4116-9881-8c76aa546935
e574da12-4e4c-4b78-a203-ae3719c0c4f7,3f9eb62a-183a-4317-9f9e-caf9fc12a457
2b05540e-d9fa-4b45-9aac-08c1090f1c16,bbe28836-eaad-4696-98e5-04e42326ee74
0dc0e794-53db-401d-bd8f-8da9165b2865,4949654e-c83a-4ca1-a378-89569248e16c
7431ff67-91dc-41fa-b322-1b1ca657025f,e65d5ac3-1667-483a-bbca-6e32b93ad284
27b93d96-c4b9-4a23-a3a0-061ad54deebc,3ae98f39-8d4c-4a9a-ab4e-a497b65ffa05
6c6fcaa9-fd25-488b-8050-995227ac671c,f1083d87-d374-4035-b08f-0470b9a83197
49699a88-4f79-403d-9250-6b3f361e5d7b,11c24058-b5bc-4737-991b-083103dd0c1d
e3577b87-36a2-4ea4-ad53-88a885af1223,2ce4ec2e-6b09-4121-88d9-64d143ed7de9
c740bd8c-4ce5-4d9a-9df4-2df9d5c104f5,8be90c8b-5c87-48ce-9b4d-aedbed529871
83590463-9fd2-4622-8d0a-326495565a58,29b60eac-d51e-40d3-82cb-0bf418f6af91
e29f3ae1-4574-4fd4-9f5b-498495cb7952,ccd17ef1-0505-4cd1-b75c-c9b329ab01ef
070a8b94-9234-4a39-bff0-23e0c6b74464,894feae7-9461-41a7-a0a1-ede66f85e1bc
62ece4be-f643-40a5-af47-abedd995a7cf,0ecea8de-654d-49a1-b171-714fe4dc0806
8c36c300-10f5-4008-ae53-6371fcc3030d,6c38db0a-bea1-45c8-86c3-771a32e011ae
be267cb9-6411-4126-8b64-4847025171ee,1ddb1c14-008c-48b2-92de-166e6d52bd06
d2e111a6-dd60-474c-ae8a-2b5773cca07d,40d5e94d-d104-4b91-ae56-94427ec9e18d
d2e111a6-dd60-474c-ae8a-2b5773cca07d,981d9168-99c5-49f1-9c62-59b31291c5a3
4a0a181c-3807-4883-8ac2-b0ddf5f46497,6c7a4de2-c327-4615-a209-4e6285fd1856
e32cab02-4d88-4945-8420-be6395e5ed81,1666e77a-3d13-44da-832c-aed947030e65
406d9f60-417a-4dc5-a6b7-1fe4689a4ff7,919a3f78-6dd4-4eac-9e80-0df85b43488c
e02accb9-dacc-43fd-995e-92fe9a825cc4,07b5c116-7a3e-4c68-9470-772beeb0b1e5
0d6f7fba-7092-46b3-8039-93458dba736b,3b596c69-287a-4acd-867e-a0c7a72834df
29df4b17-9a16-4a4c-94a6-002f52e628b4,067f6575-9361-4f6d-8512-1a8f35046a09
1124d164-490d-4da9-b0c2-ce8a8dc98202,06ac4eb2-9eac-489f-93d1-7d92d3ccc3a5
29df4b17-9a16-4a4c-94a6-002f52e628b4,e3811048-d34a-4325-a826-c34d78ea42f8
cccf07c4-330a-4c98-9bf0-6155373ae7ca,8254da8e-f912-41e2-90c2-722106215a55
c4de751b-08c4-4e16-91c3-f9be8698841c,710154bd-ea0f-4803-a959-b37eee78dfac
b63861a6-ab0a-47a4-9f6c-accf03b5a180,bbbf6548-6eef-4ad7-bc36-4489d3e19624
ca8e29a4-b8d6-469e-a148-2156149cddfb,f65c8f9b-8c8c-4168-b421-26ef94a1243f
9181819e-530e-4408-9917-93c5f58d7fce,ef2c2d4e-878f-4ce8-9b50-2467d43e2080
9f85bbc2-3af7-4e44-82b8-96f23a223db3,eb1b6f3b-ef04-4ec5-abf0-720f9bc00a65
6363ebc9-706a-4203-b804-148cbf8810ce,ee01a546-a65b-4dad-9855-0cf1ba9b3488
17b6641a-6ee7-414d-8de5-997ba376f619,1bde7de7-d92a-4c81-b3bd-1f9039260d3a
74f47cf8-2839-4a56-959a-524dd0ed9e3e,344b2b80-81ad-4510-ad33-ef50ffac4240
d2e111a6-dd60-474c-ae8a-2b5773cca07d,9b0df002-dbbe-47a7-9bd3-98c3f85442b1
74f47cf8-2839-4a56-959a-524dd0ed9e3e,e07c3044-0b7d-4da5-9da6-436c1076e0e7
4bc338bd-725e-4afe-8343-4cc6c2df27bc,ed7ea3c6-ffe8-4d41-a9db-f77ba95ca866
67d15a94-d523-4b5f-be58-03fe2ef9dcfb,886c0bca-939c-489a-9266-e0880e5a272c
770f1d88-52c2-43dc-a897-6881e70b2f32,36d516a9-4012-4749-a66b-04c9f5f66a64
187dde4a-2b59-491b-b6cf-1a8618878cdc,5a64b5ce-377c-48db-949f-bbce5438b7e0
ecd62c4a-8e40-49ae-92f9-679e273f8bf2,c9b4d022-9a3e-4102-aacf-a30560cdb5c3
9b12daea-e3b6-4d55-92a5-6803ca0d3e3d,c9901544-0ada-4003-ab6d-b675983b8403
764e3630-ddac-4c21-af4b-9d32ffef082e,71dbf6ec-8eac-409a-8b5e-e5c6fbfb8744
9b12daea-e3b6-4d55-92a5-6803ca0d3e3d,e34ef03d-72eb-46dd-8d27-ed9674ac5149
12b499eb-56c9-4d88-b792-6d90ceff3485,51027d20-4883-43a3-bbda-5151a19a9943
6363ebc9-706a-4203-b804-148cbf8810ce,206d8229-2819-40b6-8257-1ddfaca87ab1
88074ded-7e19-4755-8097-fd1b71b6c8be,7ebc0e8a-02d8-4ca1-ad62-7f12d3aebaa3
bbdd88c4-fb38-40a7-9a05-df99e3d1eee2,01ea8c42-1666-4f2f-a749-14a4cbe74b63
265922c3-a861-444a-90b0-6190d69a59cf,046da32e-e074-476b-b851-655a71c812d7
d4610af5-85e0-480b-8773-5c71d92a7b99,a30fb720-d7cb-479c-8bd4-4b30132ee46c
9ecde534-710d-4bbd-beec-eafdc165405f,c1590495-a3bb-448b-bd78-afd11e2e7d60
187dde4a-2b59-491b-b6cf-1a8618878cdc,54c6cc59-a0cb-48a2-946c-82819234f4c2
0a4491c0-572b-484b-b6d1-191b75b000fe,f92bbb39-c367-49cc-ba01-4249b20a90ee
f80ba4a3-7aed-4021-b4d8-e4f50668847a,f426044c-6cce-4548-bfda-15ba1d2667aa
8ffee4a9-9078-4b52-9e43-b5adb39f1f34,fed76eb9-5907-4dbf-bcf7-987ea4438dbd
e07422f9-c065-40c3-a37b-75e98dce79fe,c889c85f-6f9c-467d-8177-e03e256d0538
bbdd88c4-fb38-40a7-9a05-df99e3d1eee2,2e40d288-59ed-4102-8f2d-a9d8554cc69d
d4610af5-85e0-480b-8773-5c71d92a7b99,561b99c6-6929-4334-b5e1-536c32fe19c5
e4f51561-5050-4b9c-87c2-c49957677fbf,85b5357c-a11c-49d5-8d59-efda2f48e927
730e1936-0c14-4ca4-ab8c-edc0c6b0b4b2,7580f835-ffb5-4be8-9a26-55e93ca19ab3
289bfdda-eab3-4c9a-97be-ef1e0f9ddfc0,1c371ffd-eaf6-4260-9785-170211406de0
9cb29d4c-aff5-4a8d-8ae4-6a2cd440519d,2997c9b6-47a5-4f77-9a52-9d812fb9985c
e07422f9-c065-40c3-a37b-75e98dce79fe,213c5d9d-b670-41b9-a56c-1e9bc3c6eaa4
589ed020-784b-47ac-884d-9c6ae29fd509,7eba33ad-c486-4e03-82c6-1551f13a4436
97a677bb-0fa7-4c1d-a54e-24db1fb98dd5,64d995eb-0bef-49f3-ab96-dc617cfc8764
46990654-eb6c-4674-96bc-ba905dab2a86,b119f867-0615-46da-bd4a-49f7e9d4a3aa
018dbcc4-52fa-4865-9b2f-6af96b2ca317,bfb9dcf4-41c7-4248-bcc1-541a642e6060
60e737d0-e64d-4944-87e4-2ea36a2a73f2,7f80f075-fff1-426c-8232-551143d9785a
e574da12-4e4c-4b78-a203-ae3719c0c4f7,b8d5a789-af48-456e-b373-023d444abd24
7f99aef4-3884-410c-87f7-ddfb686835e9,d63a7902-3129-4555-aa22-7f0e78901da1
383fa7b6-a189-40d4-b5b0-e1970c6376e4,114d6fcd-749f-4435-8a6f-f1bfa03f2960
6336131c-2f71-4f61-bc3b-1bf31ec9fa3d,95f47afd-36c0-4f85-a60d-0ef35c722ebe
4d42a284-43a6-48d5-a743-0cb2af9616d2,3187f71e-3b44-4c73-855b-c75d918da21d
d2e111a6-dd60-474c-ae8a-2b5773cca07d,eb424a2f-923e-4c1b-ad1d-c33d176c862e
0d6f7fba-7092-46b3-8039-93458dba736b,69767b21-db59-4ee4-a9da-d8b590e6825b
e29f3ae1-4574-4fd4-9f5b-498495cb7952,b7c6e45a-5b53-42d1-801d-daa239e7c90b
88074ded-7e19-4755-8097-fd1b71b6c8be,f88f4ff3-e45c-4d84-b4c7-c28e017b2508
11e94c04-6b12-41c9-963d-1a08cdbc306d,6f626bb6-4c3e-4ac8-984b-83d3c3a8b178
ba675c4e-f2dc-454e-9e38-d195732ed2b6,c66afb62-a4a5-4d55-b6c6-a92a6f05f477
70ad7990-ecc7-4d62-9a54-b1fac46b4570,e2a610f7-03b4-4af3-a4c8-c6b7602e2913
b63861a6-ab0a-47a4-9f6c-accf03b5a180,249e1f71-7a4a-4dc1-887d-98b9b8aeb25a
03335338-b34c-473a-86a8-42ae9227ac0d,8d665f88-02cd-44c0-979d-d61fa78d2263
443b907e-306a-41c3-bca4-b35f1da4bb38,31adb325-3100-4a46-8147-e8a38de30c29
7431ff67-91dc-41fa-b322-1b1ca657025f,7e7f585f-2b32-465d-b124-640de6e8ca50
4802a885-b293-4af7-b45f-fabb2d74652a,3e46ad33-d3be-4d06-864c-d38e36b6842c
0cb0dcea-43f4-4a34-a1c3-ac211434f660,57daf6a1-0322-4c66-b8cc-79061c668719
e4f51561-5050-4b9c-87c2-c49957677fbf,02d8bb23-70f7-4320-9e4c-baf34672b1dd
36949878-72e1-4ce8-8c7e-444cf4922345,199ffca4-2d84-41b6-a8e6-aba8377c1e90
e84bb5a1-8f79-42cc-8eb1-3a52f7c73d63,f5d2529a-6836-40ac-b52d-7f4a6b6dfa16
ed2ab707-f82e-4684-84d9-3327a4372889,956ecb4b-de59-4094-b58e-b485613dc637
99026156-eedd-4e3c-9797-a7eca6658ad3,54ce5ad7-c774-4866-937a-59eb99a340a9
3454cd32-76b1-4baa-88f8-7faa8c04abd1,97fa03c7-b950-408e-8d39-7250c202b310
ac650ef9-6a98-4689-85b7-f9d91dedf5e0,c9235991-f2f7-488b-bd07-4e28684116d1
1666219b-23e8-4300-acf2-d044d744a3f7,122aa8fc-9efd-439f-9b20-b518f4cdb717
8c36c300-10f5-4008-ae53-6371fcc3030d,f14e0a69-696a-40a9-83b1-1446884118f4
f2565195-d1b6-4c16-a085-763516ef0872,0ea03f39-70ae-48ea-bd7d-e070baae9026
0c1420a4-aa9b-44f9-b264-ba3ac5c37050,9b725a1d-9b25-4bd5-a0eb-a32e29079684
9ec28b59-afd2-4d10-9a97-44d984123c30,385c9fe6-f132-4539-9af8-4857306835e2
6064dbc1-afde-4d04-bece-348066a5a0f3,8f8f2713-e229-4e97-bfbf-fabf2b37ff5b
64c0e3be-ec7c-424d-bf61-495e56d9da6d,bff13a2d-1f68-4009-8828-d386e48d0bb5
b877cd38-7f65-4f61-aa13-3413da5de430,90c7ceeb-17a6-4842-bee3-f69caf40f25e
6864fc0f-dd47-4798-a829-ac53dd78862f,216ec456-0bda-4588-a1c1-562f4420aa18
e1afedcc-2543-4f61-b797-bc52344438e7,3be8938e-5b04-4bb4-8436-71bf1389d125
54c34256-7049-4afc-ad8d-f2b68cca0a45,1ededa68-153d-44b1-884c-3b044a47a5ba
7431ff67-91dc-41fa-b322-1b1ca657025f,3184d49f-ec72-417b-b3b7-d37dad8067f9
72017ba4-9cc9-45cc-89cb-ced49936b1c0,f56b669d-b740-4aa0-919f-e94916a82d0e
9039088a-b047-49bc-b12a-3334017ad93d,a195fd39-116e-4158-9316-2db6a1687aa8
b189dec0-41d0-4cea-a906-7c5186895904,aa3448a0-2595-468e-9d15-abb0b0552ae6
6be078fe-e448-4123-8096-25493e7a2502,0f0abd7a-ecec-428c-98cd-32aa2b3bc449
a0edb93b-1e95-4128-a295-6b1659149cef,d54b48eb-8ec1-4beb-b93b-7fd365c0271f
c50b33b8-657f-4073-9058-bb7726302d92,2cc7abab-ebcb-4fe0-a623-2f71a1a99453
3bc59e53-8413-4f2a-b739-d2b155898833,4905d20f-0954-472d-8e55-033e9e2b03af
b6907ba5-9cb2-46e3-be2f-b35e0fd2ba61,4f1390b2-999b-4488-a348-fa19b1320386
e1afedcc-2543-4f61-b797-bc52344438e7,a3fbcd07-d6e3-4719-8c95-b50b5f53571f
63d63e9e-8717-432f-90cb-ce806be05cd4,9fe68f10-150c-4c96-982d-7871cee3c640
3b3de2d6-b889-4a6a-a93a-df4147cbcb4b,ac759ab9-684c-4e3e-a688-ce036069f158
22466e99-8720-4629-9169-4469e385e4d8,77298d3d-9050-4e25-84bc-1a4a6ac1fcdb
4ee942df-8fd9-437c-a9a6-e82a7cfdfb33,18eefc2c-4fd8-4c4c-94ad-49640ed105f8
47c47088-7640-441b-85ba-375fe8f5c3a4,21775910-8197-4d8b-ab5a-0fadac41c43f
b189dec0-41d0-4cea-a906-7c5186895904,48f89bdd-f338-4683-8e02-e124935c1d8b
67d15a94-d523-4b5f-be58-03fe2ef9dcfb,fd5946ee-f2c4-47d0-89cd-dfd0881fb55f
b189dec0-41d0-4cea-a906-7c5186895904,f508fc91-4452-43ac-9145-b1f088990202
d03a5bfe-db75-4dc9-95f3-ae92b081f42c,f948553a-c9f3-4fd2-8695-2f36b7f867b6
18d0cd32-678c-491d-a7f9-126274365043,3fc0bb49-584e-4508-89ed-42af19469069
a9382755-e9fb-4e39-b66f-6456c9c5f8b3,4a9a23d3-40f4-44af-bf97-a17edfd5f456
528ced1f-e949-4e1a-8fee-2ffbf0be551d,eeffcbf6-dc76-4e5d-8c74-90096678e3a9
b7696878-9521-4592-8205-198d53528bd2,ddde4817-2e0b-46e9-bd45-b372098a5cb4
d03a5bfe-db75-4dc9-95f3-ae92b081f42c,2be34137-9151-44a0-a241-86a84bf21e6e
e50754cf-360c-4e22-a321-30a44fe1c457,79ccaf62-ee22-4ec8-b7ad-f6fd8aa8473d
ab066af1-bfee-42da-84bb-42f7e199d0d0,63b034dd-d3b8-4d38-9a3d-69a2788efc69
1bfd71fd-457d-4dba-a367-b837371c4831,3a25498a-8828-4186-ab7a-cf4c38b4c229
8ffee4a9-9078-4b52-9e43-b5adb39f1f34,9008acb3-853b-479a-bbdf-3b8431174e4f
11e94c04-6b12-41c9-963d-1a08cdbc306d,83e38287-9a5d-4c16-9865-e1585ad2e3db
ffe5bb5c-04ed-488e-985d-d3a7b39542cf,8cbb697e-3247-4dc8-93a5-079701765601
a25d5cf7-75bd-4479-8c50-5683f7d1d509,f2386a71-7b79-410c-8ca3-30d2508a80fc
7bcf4c5c-f6c0-4f78-b561-806ec0f68d6e,7879092e-661b-47fb-ae9f-3658e734063b
4ee942df-8fd9-437c-a9a6-e82a7cfdfb33,6b42a3e5-d25b-4290-9092-5311ffdf04d2
406d9f60-417a-4dc5-a6b7-1fe4689a4ff7,274b5e7c-9474-44c8-b3c6-c0dbf6aa5b9d
05173752-2c8b-4d3e-b2d5-81e27c400524,f9929acb-a403-4eb5-813f-b74154653981
45153c2d-728b-40e7-b147-2ac0912a916e,506db7ba-a83d-4baf-a89a-d03c65758782
092c8d02-6070-40a6-8cf5-5a24bb36507c,72130ae5-342d-4c59-a757-b2ccd29c8bb5
4cc151d1-e28c-4fdf-a570-77c73d5ab813,894bb810-3a62-4899-bf70-af38bd7a777e
b63861a6-ab0a-47a4-9f6c-accf03b5a180,45d4afce-c75a-4632-a003-7f1381351d26
094f3ff3-fb67-4573-9f00-0852f0409d13,39d12dea-ec2f-4985-a2fa-1c094b9c2a71
27235614-bd3e-4d6b-be38-5ede18f4e209,d723f953-5e8a-4bc5-a62f-4ebd43b59570
9d83259d-8d79-4e98-a9e5-6237469bc057,14f56778-5b87-4f20-88fc-2bbcaf4c7f89
66c268f7-ba60-443f-919d-e2c297910401,bbc51a4f-c626-47a6-b15a-7e812696d935
45153c2d-728b-40e7-b147-2ac0912a916e,2ba21445-123a-4148-ae60-a026471ee8bf
764e3630-ddac-4c21-af4b-9d32ffef082e,c07a0a2b-162b-4c55-a330-dc4a62641ec4
74f47cf8-2839-4a56-959a-524dd0ed9e3e,f73ae992-6dda-4ded-848e-7d6268d94e1d
86daa573-0639-4ad6-a9c9-eb62790ca310,ac163760-96a8-43a6-a64c-b165e1927477
2194778f-4fb6-471e-b2ff-5ad194635f72,a5c44e72-bd8a-46ee-9b52-50019843b63e
1b767051-ba1f-457e-bd23-1b483c7029c7,19fac3ea-b421-464f-8ea1-f0e6505181e7
925b7d4e-af4e-4a09-9da2-f3237c258a9f,cf9eb054-2a86-4fdb-b367-e2fbea6f1a61
e23ca26c-bd38-43f5-b5e0-a169c90c6774,19c551b1-9bc6-4350-ad02-2a1e712290ab
deedf64a-dd5c-4b33-b345-ff83bfb93d71,b7478ba0-1fd0-47f4-bcdb-322c6915a552
86c43745-31d9-4c1a-b33f-ce3aa0042dbb,980ab968-2e96-4a71-ab14-0177e39c3fec
97a677bb-0fa7-4c1d-a54e-24db1fb98dd5,4d361dc3-43dd-48cc-b68b-4b25ae76fd10
f6752838-f268-4a1b-87e7-c5f30a36713c,367b4a9b-dcf1-4cee-9e73-77767409cdd5
ab0ea0d9-ab60-449f-ac5e-9cbc0e3d5a6e,753ccd4d-924b-4ee8-a05e-4033eaf0a8a4
a00a1a4f-16c6-4360-a8b3-a3f88d2fe78f,5cc146b2-3392-4210-b89f-ca10b78bf8b6
29df4b17-9a16-4a4c-94a6-002f52e628b4,ba98d391-386d-4397-ac96-1b3d1e199456
021b37d3-cef1-4c12-a442-257f7900c23d,dba5795e-2fa9-448e-8df2-c5e4b3c98336
7431ff67-91dc-41fa-b322-1b1ca657025f,cd849064-42e9-430a-ae29-c993983de4ef
0d6f7fba-7092-46b3-8039-93458dba736b,436faabb-cb10-46e2-abbe-ba6609934700
d6283871-df25-4880-9c85-46e9830f0d22,ce0ef268-fdd0-45de-a7f4-94cf93c8ea92
67f7f831-711a-43c8-8785-1e09005359b5,aee40e04-86a8-4c34-985f-22f646d2b136
0c1420a4-aa9b-44f9-b264-ba3ac5c37050,88009f3b-22bb-4886-8d7e-ea5bf5a1627f
6c6fcaa9-fd25-488b-8050-995227ac671c,9e7e6d46-dcfb-408e-b7b4-3b0bdb7dff25
7cd7bf33-3c9a-4b3f-8b1a-177673c6ca73,05674f1d-a4fa-4064-90f8-32cbd1e6fe79
b189dec0-41d0-4cea-a906-7c5186895904,8a70eed1-3165-4c9b-8ba4-20bbb33db29b
ecd69639-52a0-4d29-af57-21bca9e0a66b,358ec5b4-5387-4328-be01-3407f18b74ab
3b3de2d6-b889-4a6a-a93a-df4147cbcb4b,32feabed-fa62-4ab0-9507-b96c85324407
dc54f07f-65a0-4bc5-8a67-953ed5e659ac,c6927019-3773-433b-8934-a0e88cca3f38
0d376427-d6ad-4e1e-b1fc-9c5517de3bdc,3c24f6d9-73ca-4e6f-9c03-093298ed50d3
e02accb9-dacc-43fd-995e-92fe9a825cc4,e0116faf-67d9-43c9-ba06-317aac7d7b82
2972ac86-391b-48ef-8cba-d08904538c96,6d2e6905-652b-42b9-99dd-0425d56f81a4
5758d639-a450-4152-901d-7a78c8715aa7,27051db6-8b6d-47b2-89a8-4cd1bb2ca763
d43f0f26-43c9-4009-a1ed-63624522c166,3d5f8699-78e8-4b59-b57a-0d6272418d67
9aa57e01-2dc2-4422-93b7-2b628326f78c,8808db4b-3f66-4f8e-ba56-37e0202c2106
0942fb86-c16f-4084-9902-10ddcfe18180,50a04d82-5acd-4a40-a226-2a720ab6e1a8
d6283871-df25-4880-9c85-46e9830f0d22,5104fb86-08cb-4f2f-87a7-c92306b19319
cfead4d8-3068-43a7-b07a-627c0132a98b,30d9be67-bd36-4ea6-93cc-4fda6db1eea3
070a8b94-9234-4a39-bff0-23e0c6b74464,e5024c1a-74ec-43bd-a56d-7289ab582026
7431ff67-91dc-41fa-b322-1b1ca657025f,304965db-fd87-4e5b-9157-2ddfc77677a9
63eef59e-ca60-4a73-b9db-5653624b61e7,36cd8e84-8d53-4d3f-a079-821837b63392
d65e8b4a-f9c2-45ae-9b87-090db7e872f1,aaaeb6b6-9abc-495e-a841-894b7b83373b
fc0a208c-acb7-47dc-a0d4-af8190e21d29,f532722b-da58-427c-abf1-ae7f64f58cd8
7431ff67-91dc-41fa-b322-1b1ca657025f,511a1a91-2fe9-4a85-9b8c-b52ff7aef359
05173752-2c8b-4d3e-b2d5-81e27c400524,249ac313-f812-475e-9302-a1307a28bb98
e6c69c0c-190f-4f10-b33e-a957d13670b5,85e6e01e-6f3a-4365-be4d-cefa9a287d20
d03a5bfe-db75-4dc9-95f3-ae92b081f42c,4f7e715c-d5f5-42b0-9a2e-f2f734abc131
2a7ac430-c70b-4147-b72a-237f8cba9f27,499e427e-e957-4e6d-94c3-304bcf26f2ad
e76223aa-7a0c-4d86-a764-cdcbb08b85cd,239a5b97-c0e8-4b33-8461-635044989207
6336131c-2f71-4f61-bc3b-1bf31ec9fa3d,2d011fb5-eca1-46a4-8fff-61789852cbe7
d65e8b4a-f9c2-45ae-9b87-090db7e872f1,91ca6815-341b-4db5-a578-6f757ad9cee9
fc0a208c-acb7-47dc-a0d4-af8190e21d29,69f49efc-ba6b-480a-9ff8-076a34383cab
7431ff67-91dc-41fa-b322-1b1ca657025f,c541f771-2248-4045-bc8d-8d03ff95d748
528ced1f-e949-4e1a-8fee-2ffbf0be551d,8d3c7cc3-4235-41cd-876e-21855534c4f1
b3401b10-fe21-48a8-9412-08aeb04bb2d6,5302a0a3-62fc-49e1-8eaf-54cb44bf9385
e574da12-4e4c-4b78-a203-ae3719c0c4f7,072e4bb4-fea4-438f-b8a4-2705660f037c
9181819e-530e-4408-9917-93c5f58d7fce,dbc60e33-b9e7-4699-9c06-93436faf8af5
d03a5bfe-db75-4dc9-95f3-ae92b081f42c,89608e27-d6d9-444c-b759-d1acc0f21ad3
ed2ab707-f82e-4684-84d9-3327a4372889,ea9a4773-4c59-40ff-8ca7-cb1f47e8df81
9ec28b59-afd2-4d10-9a97-44d984123c30,3d9f272f-53fa-4000-b154-92ed418d431f
b246de49-a93e-443a-a22e-79ce41629548,cc24f7aa-79c0-495d-b3d3-d42f2812ac78
29df4b17-9a16-4a4c-94a6-002f52e628b4,9fc1dcfc-7db1-4eb1-9889-813f5b40838b
a2f3e710-3f36-46fc-bf88-c40f1356cd43,6aedcc29-b73c-4742-b64f-f5b3fc0e09ee
47c47088-7640-441b-85ba-375fe8f5c3a4,5e0ab8f7-b7fc-44c3-8b76-0e99e3aadb7b
27b93d96-c4b9-4a23-a3a0-061ad54deebc,80381790-736a-4335-bb69-7db1221faaf4
a4f30d5d-eda9-47ef-adc5-accd6c401486,a8865948-7e05-48d7-ae73-20dbe465165e
b189dec0-41d0-4cea-a906-7c5186895904,945bcc35-8e37-41c9-8b60-2c7f0261bd28
0846f41f-c23f-4c3e-9237-673180f1c44d,8da122ce-ce00-49ef-8db6-d3044dd9569e
8a31511d-7523-41b6-8d81-565373827b19,711ac618-be68-45d7-b85e-13464ddfb438
1d75cba9-b818-43c5-86d6-73946f6e0b9c,2536ccce-8f58-4eae-b8f1-85cf8fc83f4b
c1a3f23d-e3de-40a3-8d2d-187b921b61c8,b96e770f-267f-410a-8efb-12112bb056f5
070a8b94-9234-4a39-bff0-23e0c6b74464,ec5601c0-404e-4e02-b75d-c03422ed7f2b
4802a885-b293-4af7-b45f-fabb2d74652a,8ffba443-70a9-4b6c-9a55-243c6689fdae
77bd93b1-91df-4192-9b10-d7698cca4768,f5839f8b-180a-4baa-88a2-896210926472
e07422f9-c065-40c3-a37b-75e98dce79fe,0a3fc326-a984-43a6-9831-7bfe7cbec16e
f8e385ef-b52f-4337-ab3b-e09080aec353,7293ce06-0a20-4ff6-ad71-67ca66434417
63d63e9e-8717-432f-90cb-ce806be05cd4,8fedbe21-abab-4338-a267-9fb3409c6233
27235614-bd3e-4d6b-be38-5ede18f4e209,84844fb3-500a-4fdf-89fc-19b82ff5d2a6
ffa223d8-026b-4e03-9fa4-eece826c31ae,68de4c09-7334-4e73-9606-030f7488c23b
1542bfb1-9065-4dc1-917c-ddb37aa7f6b2,609c4806-3e8f-4e12-a100-457bb60b2962
9846de51-dadf-4086-9e40-62466a7e2c87,487c659b-aada-44a5-81d3-7c96dc7bd1d9
703cd559-ca4a-4e45-8eae-6a41ce7a126f,2108ef0c-3bd0-4ffb-9fd8-727f0d8b5e4a
d7d7587f-a1e9-46a4-9db5-54c95787c6f1,ba3036ee-c698-4c0b-b29b-e217ff9fccfd
a966c5e8-76dc-45c0-942a-3c7e41ac9b1a,bc98212d-5a3b-4120-9a0c-a30483b8010a
d4610af5-85e0-480b-8773-5c71d92a7b99,73a66b75-ceb8-443c-ada6-2905ab161819
ffa77b48-003c-4377-b323-1e4308d73011,995edec2-4965-438d-9f4e-5ecc3d85098d
4d42a284-43a6-48d5-a743-0cb2af9616d2,8a59a647-0f26-48e0-b59f-5efcc7b672cc
605ba0f7-8c61-41e3-a9aa-abdbc393ec4e,e9a52c65-2428-4172-a821-18e68e9c1554
d732841e-83f9-49ec-95ca-389e5568634b,b9374ffb-3d4f-4958-9c37-8716978b138e
ec3cb38e-a1c4-483c-9426-89ac6d05c5c4,f6e6a84b-883a-487d-ba90-2bf2464de0ae
8affea11-6a75-4512-b5fc-84533f6c0650,3fc18eb1-ccc5-4c68-8685-b11f73be07dd
0b538033-7a3a-4d7a-8a78-6933bbc07e02,551b0c58-16db-4a4b-8cfc-fbd92570c410
d2e111a6-dd60-474c-ae8a-2b5773cca07d,445521f0-1938-4b7a-895b-058f40903840
0be0e7dd-a7b1-46dc-abb3-5226ed0e2289,054d151a-df08-4c5a-b311-3eafde899d02
4f02ac59-1046-4afe-981b-6f33122b2014,6f5c1fd8-1720-417a-8300-1858fdcd0967
021b37d3-cef1-4c12-a442-257f7900c23d,8075f552-ad6c-485b-a1ee-221f940ddce4
9213b848-c171-4f98-8c0b-e69f0b41941b,38309d98-85da-43e4-ae0f-4e61b7bd944b
c714c0c6-6a1a-4eb3-a7a6-337b6303efac,a54671d4-69d1-468a-b383-34b4457c45e8
04936387-1b87-4ce0-93e7-767cb352e9c8,16b50656-8af9-488c-a121-0eb073dabe04
187dde4a-2b59-491b-b6cf-1a8618878cdc,ac935b34-7749-4aa1-8378-1c16a7075ae6
b17f439d-f13b-4720-875e-b9c982709761,1a02a6c6-6914-45ef-a633-78ea5d85ffe4
31c6e511-cc0b-42e2-901d-97b4b6f6605e,ffca778d-0531-46c6-a89c-a7625b613afe
070a8b94-9234-4a39-bff0-23e0c6b74464,d3caa342-9ec5-4860-8c6c-6b673132baff
70ad7990-ecc7-4d62-9a54-b1fac46b4570,9f461631-e525-46cb-8f04-b1bc31294a24
255a371e-2a0c-42d1-b4e7-c3cf3e21c89a,5df25c2a-b83e-4d17-b5c6-f779653987b3
b0f32794-b6c9-414c-b208-f48488188f0f,ab36dbb5-e477-49f9-a7bc-532f6785fc2a
99db3270-3deb-4e55-91ee-b248735ea59b,556bba28-11f6-4b8d-bf20-dcbfec36edd8
d2423c06-c1fe-458d-bf8a-cc24aefe3f59,53e2786a-719e-45ba-ab88-a99a8455e2ff
23f8fe4c-6537-4027-a334-6a5863115984,9cba2f80-3d52-41c1-8844-a027042d21ef
42717d98-b15f-4d72-9faa-f433c208b494,f1d34f78-b788-44ef-af9f-7238573b7f36
74f72915-6d78-48b3-85dc-5f79881ab60b,07e332e1-3800-4a4c-b3b2-e9430dec9302
187dde4a-2b59-491b-b6cf-1a8618878cdc,bbfd8b26-124b-4ddf-a18a-648621f54984
8dce23a9-44e0-4381-a39e-2acc1edff700,81575e52-dc27-47f6-ac22-b91e28b4cdec
1ec5a55c-414e-4f79-b7dc-48e1dba3618e,28e35d90-90ec-4e70-a38b-84694cba5a77
61973ca8-3b8f-477d-ad1b-0bf78dea16ef,c12162d6-f1c5-42b0-949b-dde41f8136a3
e37581a5-dfe0-4f8f-8068-b423503fce67,6dddcc19-e97c-43e0-9848-4293df8f9359
021b37d3-cef1-4c12-a442-257f7900c23d,a77032b4-7710-4f93-aa49-d6458f533205
1ec5a55c-414e-4f79-b7dc-48e1dba3618e,8fe9dda0-90fa-405a-b164-4f8661954feb
bbdd88c4-fb38-40a7-9a05-df99e3d1eee2,4b1fea54-aa4a-48a0-9ee6-ae6ae713db64
231d2432-8f0e-4232-8b06-3a8c52d34fb1,24f4dc9f-581a-4c04-9751-a0e436e91100
1cd3bfde-5c48-4d85-96a5-75c0f27a5c06,17b8a240-28b9-43bf-a9b5-3fcd1ee9c4d8
ed2ab707-f82e-4684-84d9-3327a4372889,6cbfee40-2faa-482a-a692-b9a8206119df
47c47088-7640-441b-85ba-375fe8f5c3a4,85371128-f650-4ef4-81b6-6c478c25a270
3f8f23e5-1006-4d87-95b1-150322a678ad,55c520f6-4370-467b-91d0-197b6c2c9ddf
ef88faef-fc8b-40fd-baec-a23dd3b7c247,e01a9ce5-2ff1-4a0f-8196-1972f90b3b49
8c56af24-beb5-4199-9502-b9e939db354f,5b2fe990-ce64-4121-a308-45b094b0d8ec
2cbf9479-e1fa-4c75-81f6-7103e18156ca,00cf4d83-a8b4-45e9-9a44-6a35e0f0c869
74f47cf8-2839-4a56-959a-524dd0ed9e3e,8ebf0112-6170-48c3-91ec-0da94aa863fa
72a6d50c-86ae-47c7-9a0e-54e5746aacee,eefd47bb-3b03-4f3c-9744-a4ef99a876a5
6190896d-fefe-4852-946c-33759039973a,b61517ff-e0c4-4a66-843b-0065f672f79b
ca5cfc75-dc48-4afb-8c26-7ad4d5f518d1,7e539437-80ec-4322-b5bb-f8aa8bfe5ab0
0c1420a4-aa9b-44f9-b264-ba3ac5c37050,41d0f43d-5bff-4b18-b2a6-df67e2408462
6c1a00cb-4b59-44d6-a887-bfd7c5b3768f,48bf7324-e88b-4867-9e89-e26fe6209ad4
0be0e7dd-a7b1-46dc-abb3-5226ed0e2289,dfe480d7-3366-46a5-91e0-7a695a346431
11e94c04-6b12-41c9-963d-1a08cdbc306d,9ea3bd4e-d73f-455d-a865-1ba26e0f37d9
ffe5bb5c-04ed-488e-985d-d3a7b39542cf,2b45dbda-99cd-46c0-96ff-b2be82bd63cc
6c3a9833-5fac-49d3-b7e7-64910bd40b4e,d00f7d53-5393-4994-b201-082f95ccfddb
f481a326-d4fa-4842-b75d-3a073f8ba87d,b145c0d9-1c16-4967-80c1-b7a7cbefd77f
da18ef0b-933e-4678-b2fa-4290baf6970a,3899c0d3-d0e8-484b-af5a-fbfd3cbd9bae
04c27a39-9b93-4b31-961a-c38ec6b40bbc,7c2f383f-9152-4f67-9449-ef498afe7c37
e23ca26c-bd38-43f5-b5e0-a169c90c6774,e0f85950-8df8-4948-8837-e4f502af02f2
77bd93b1-91df-4192-9b10-d7698cca4768,26993bb6-2267-4121-8821-9d42e5ddb8f9
da18ef0b-933e-4678-b2fa-4290baf6970a,616395a2-1377-4ae6-b63f-15198fcb0fad
f80ba4a3-7aed-4021-b4d8-e4f50668847a,814fe3dc-3118-424b-bee9-4f7c079941c4
aed28225-90cc-4515-b403-569c6f2b995d,6cf35c92-cc0a-4561-865c-6e3eb55f995c
7a0ab88e-224a-475b-9ea6-e66a6b3448c8,497292f6-1574-4eba-b776-a56d07eed347
3135e927-19b0-4f97-bc60-65972a0bf849,28ad3aba-a236-4065-8a32-c8c47d16b4fd
d86fc550-8020-4944-9006-dd3f3642e0e2,7ccae74d-4102-4b94-9a6d-3cdfa556e0b5
77bd93b1-91df-4192-9b10-d7698cca4768,67b87c02-2d3f-4057-a2ee-1ade51ae7f38
2c9ecac6-f875-4a9b-acc2-10bd9f6782df,08272e7a-0052-49c6-8f1b-ac3d76c31f7f
9d83259d-8d79-4e98-a9e5-6237469bc057,653bed8f-f430-4676-b345-354a1e56285b
63d63e9e-8717-432f-90cb-ce806be05cd4,69c6c898-56cb-4902-930a-ca9f35992140
6a7544ec-28bf-4f81-92a4-f33b3562f11f,f991389d-5fff-44e6-a2f5-22b2abcca77a
0b633ca7-6ee5-4042-8a7a-a38d8892ec16,f2132bc6-3d71-4899-84ec-9d37aba9e7cd
8fb9dbeb-ccee-4192-8549-ccfdf8c5706b,ebc91ca2-af49-486f-8e25-0f4f411e25cd
66e8920f-d30a-439b-9e9c-bcfb052b0cfa,cdecfada-065c-4eba-96bd-77cee6d4c612
23f8fe4c-6537-4027-a334-6a5863115984,a1df8b80-fdfa-45ee-9bf5-1a584dcee020
0597d0e9-7b01-49cc-817d-8eb0725b464b,973a427b-41d8-47aa-8247-df4e3cabe036
6c1a00cb-4b59-44d6-a887-bfd7c5b3768f,e0e6062f-b349-47be-891c-d1ab6886d269
e02accb9-dacc-43fd-995e-92fe9a825cc4,4fe96e51-e6a1-4123-8cc8-3b2ab79c7cbe
ec322614-98be-46cf-ba3d-efc87d0175ae,c0078143-ee4b-4582-98dc-cf982cf153e1
86c43745-31d9-4c1a-b33f-ce3aa0042dbb,dc5a3682-bb03-4f25-bfb5-c4e0bf71d862
a720325d-33fa-4ab3-9435-9bc1e7d7b57b,0fc83018-70a5-4ebb-a643-042b11227abd
2e7913cf-49f3-4c19-9a51-68860c6d73f9,4eeec55c-ab7e-4b33-b3cb-e42bd8d62531
c714c0c6-6a1a-4eb3-a7a6-337b6303efac,09b77684-57ec-41bb-baeb-b4eecdabfb22
e37581a5-dfe0-4f8f-8068-b423503fce67,8ad865bf-8bf1-4580-a8a2-c98154c29302
8a31511d-7523-41b6-8d81-565373827b19,ec569bd2-1232-4108-a78a-1e4863c8154d
8828f201-af6c-4f3f-bb4c-0f6cd74f913a,03dcab17-356b-420a-b67d-190e4e828a8a
6a7544ec-28bf-4f81-92a4-f33b3562f11f,4c3a34be-30ab-4f0c-bb03-b3dd76befecc
4c82b394-c401-4ce2-982e-7ab79de2bd24,98ec7593-9273-4291-b556-65e6a9ef7abc
a4fd48dc-49eb-4e85-98bf-c3c9db61e6ed,8ff558bc-6d6c-4461-83e8-8f69bee366a7
d4610af5-85e0-480b-8773-5c71d92a7b99,9008f162-eadc-47d2-ad45-0ea6276948cc
7e280d98-c90c-428c-baba-a46e4abde912,22288cab-0c2f-462d-9a23-9f5b35b2ca21
b1846822-6c7a-4679-979a-246fbd7388c3,6e292f4d-4a92-4a85-a5e9-82dcf638e99c
8ffee4a9-9078-4b52-9e43-b5adb39f1f34,a2dd716a-4d69-40ff-a387-c7bd69325d31
0494ff27-05ac-47ae-b916-8f6179a0cde5,4eb36f9b-f204-4912-9aa7-b6ce76b3c871
f212abee-58c5-46ad-ae8f-b6d733e0715b,098b04a0-230a-48ae-af57-9474efab3ab4
0b633ca7-6ee5-4042-8a7a-a38d8892ec16,ff4bf7e8-4251-487f-af62-715f02ab106c
528ced1f-e949-4e1a-8fee-2ffbf0be551d,d98ec703-f257-415c-8181-7138565fedc1
92e50051-bc20-49bb-9a4a-24dd922b146f,e76316ec-bf9c-4542-8d1e-d9845290a1b1
5758d639-a450-4152-901d-7a78c8715aa7,20b59063-10de-4bd8-837e-a00f89734d48
b02cf974-33be-46bd-9cbc-022db6cb7151,7a085a14-2a7f-488e-ac98-e06a6b42a79f
1981260f-d0bb-4414-9470-7683389919d0,d36f7f04-ed9f-43d7-8da9-fa0b79be6ed9
4bb92bad-912d-41ad-8249-a81483c297c6,d6d8dad6-40a0-4f72-8853-ee142fa1782b
2b218edb-a8e3-4776-9505-28129095ff02,a001674a-7290-40ef-b34a-2f25047c55ce
255a371e-2a0c-42d1-b4e7-c3cf3e21c89a,af90719d-9b2b-487c-8603-1fe6dfbfab97
6ffd3030-fbaa-4915-9ec8-888f211c7b73,46e1c927-de8c-4799-a9f8-94d8e950cd74
5758d639-a450-4152-901d-7a78c8715aa7,fd8478c4-dace-4e08-be80-587ac82d6bfc
55899451-b8ad-4bdb-9db0-eba418d791f7,8012454c-b428-439d-9117-f8bf793e34a2
e37dd43d-80e9-4659-9799-3bee98bb4e81,495e0b05-00c9-4ee0-a8fb-d4217c2146a6
68ae8b4a-daf7-4164-96f4-def7eb56b601,d5cd97f0-7b6f-4d69-93c2-d4e0f65d6047
ebcbaf26-62a6-4cb2-b637-b29091ca04d6,9c4ed3b5-1e85-4a07-ad71-3d102ad9253c
e02accb9-dacc-43fd-995e-92fe9a825cc4,78a5f46b-a662-43f4-a827-fe42f5a4af14
fe4d09f8-d278-4bfb-b73a-1a6a0e22f6a3,bff6dd52-2bc0-4d3f-a7cd-a78e0ffc25c6
e574da12-4e4c-4b78-a203-ae3719c0c4f7,19e76933-8d14-4606-9043-daef7c251c8f
1c1a7c8a-c391-431c-934b-cf74458f9e6c,c008aead-ce23-460c-a634-3555c0d226d2
28a83bf1-b6e5-416f-8c5a-fdc53e54f3a1,ff7fe34e-d7b8-4c79-8a08-033d4eeb087b
7175646f-9a56-40bb-8834-eefa48e5c83a,50a1b4f7-f5e3-4636-9ba2-67deff38d5ea
6f5ccf6c-fd96-4a04-9b0e-f1eade928757,8dc472e0-1d55-4f39-aa55-278bf00dc55b
31c6e511-cc0b-42e2-901d-97b4b6f6605e,c5369b45-bb96-46a1-9f81-f5a1c4f1e683
6682f507-bba1-49f1-a361-cf7f43ab432b,059b4e96-0c69-4945-8c3f-06438e8bb2d8
3b0c38e5-6886-45d2-ad7b-6cb7dcb3c210,2b02d8ea-17a6-469e-b714-08d443cbea78
914d4734-285a-4cd8-bba1-eec0db26a512,db5dc779-faeb-4452-a62b-d8cbc896e5ef
bfdaa902-daba-44e2-9de0-df4e61fe2f80,56306594-20c5-411a-9dbb-341a3402fe55
e574da12-4e4c-4b78-a203-ae3719c0c4f7,1a156987-6a30-43e9-b947-a4db6c6c082f
b96248c1-022a-4515-bae1-4ca0a18cc65d,f0bcc9d4-9467-4810-bd9a-e7a157e5082a
7cd7bf33-3c9a-4b3f-8b1a-177673c6ca73,1d703e12-2184-4361-813d-2db1e8a54f18
e15ba297-92fa-47c7-b7d3-edafbd9b8e5b,63003a3f-607c-464c-85a3-59d327e8d165
018dbcc4-52fa-4865-9b2f-6af96b2ca317,a23a25ed-ee47-4a96-8077-ee3550d3fc68
c26d629a-34d5-4e9b-960a-9cc5eea60f18,9524b782-3f41-42db-a2c5-f7b28ca98863
a4f30d5d-eda9-47ef-adc5-accd6c401486,853763f2-149f-4a34-962c-41f360854211
a0edb93b-1e95-4128-a295-6b1659149cef,906dd0aa-302d-476d-aba1-fe4c9ccb0a6f
9ec28b59-afd2-4d10-9a97-44d984123c30,e0dca427-05b0-4dc0-8b74-5896a1c47281
e5bfb038-10b2-4e43-b1e6-fea5aae180cf,bd9f23cc-ef11-415c-be9b-715782c7aa4f
6363ebc9-706a-4203-b804-148cbf8810ce,b01a84f9-7a3f-44cf-b22c-df4508b42ca7
7f92b1d2-f2b3-454d-adbe-ff02c83fe404,28dcc96a-98ec-4618-805f-fbdcda78bf22
914d4734-285a-4cd8-bba1-eec0db26a512,8fb42cc2-f857-4293-b9df-6f421b0b029e
914d4734-285a-4cd8-bba1-eec0db26a512,a81f7261-3c0b-4293-8e66-f26f25378a9e
e4f51561-5050-4b9c-87c2-c49957677fbf,150d50e4-de42-4359-a1aa-1b8a8a86f4ec
e98ceee9-85f3-4656-a8af-803806c9d7b4,421faa1b-608d-483a-a54a-9d89616f6154
975e1529-a14b-436f-ad7e-a09d8eabc50d,4815e24f-f1cf-4797-860b-70a45c7107bc
2b17ce45-3b55-4be1-a978-fddecf5311de,80963fb1-b5aa-4f63-ae6e-71736a3de345
04c27a39-9b93-4b31-961a-c38ec6b40bbc,675da10d-5b20-4aae-89ad-c4e9b0212e47
1dd57490-36c0-4706-a939-6ba41a501209,d001b234-727a-444c-83d0-074c4d173295
804fd380-52e4-4dad-9650-b3106b8ed31b,4e0def64-f604-4a7b-acb1-75ea1ad9b7d0
9d8ef1a6-70f7-4a89-8fc7-913258eb0471,47f38187-15a7-4d8f-a7a2-e9490e7e543a
47c47088-7640-441b-85ba-375fe8f5c3a4,7b1f0ed3-8d09-410c-94fd-90ca1cef15c8
46990654-eb6c-4674-96bc-ba905dab2a86,b8beb7ee-f99b-4e03-9a8c-eb11da61cd54
b1846822-6c7a-4679-979a-246fbd7388c3,79c36802-5175-44db-af11-cfd3562a58b7
6363ebc9-706a-4203-b804-148cbf8810ce,a66e9cd8-ab39-4778-a124-9ffe1a808de0
e3b1672f-7753-4ca1-8a8b-586d2b4392ba,6544b586-73b0-417d-b379-291ea6c313c5
a4f30d5d-eda9-47ef-adc5-accd6c401486,2b792e67-277b-4114-8291-2e4d9b388b7c
589ed020-784b-47ac-884d-9c6ae29fd509,d587f4f8-4529-4072-9e77-870dfa0a3d8c
d7d7587f-a1e9-46a4-9db5-54c95787c6f1,aabdfbc2-dfc8-4a60-944a-7e2b9c8e6361
bdc2e585-4e48-4e36-8af1-6d859763d405,41ff2b15-3046-49be-ae70-7953f4722f21
6616207f-96f2-4427-927a-95d6e9b16252,29059ba5-3a40-471f-8a9b-4d7933ddb748
b6369c33-5d70-463c-8e82-95a54efa3cc8,8995a8b4-e3bf-44b8-bf96-bf4e71fa8ac5
809f6dd1-7dd8-4d79-a46d-4726c3a67128,6e0fd4fb-8c75-4f3d-aada-58671ccd6dbb
79ad93e3-8152-45a5-a97c-d6c327592c09,67b30bb7-3a09-4c2f-90a2-27fd4ec0fc27
b56fce7a-4388-4ecb-b974-3c79c261b01b,7d7fe875-4017-485b-873b-534d9005ca8f
a8f26d13-e373-4e48-b57b-ef89bf48f4db,02287f2e-658e-44d0-a3e3-96fbefb63c8b
bea6dbb8-4367-4c35-8e28-e749f3ad107c,3323c2e7-2cdf-4c06-8e31-727a39cf7d05
5b924e1a-30f3-4275-bdb8-5a15517c0fde,9eb05d05-0e38-4a85-895e-a4639b6d9048
60c45ccc-5528-42eb-85a9-7606a3d9b220,fa9e5221-f5dd-403b-808a-8ea60e8fae73
2f5b84b3-aa20-451e-9579-e25d1e750644,9836aded-9755-4ed8-93a7-d54cfc7214c0
0dc0e794-53db-401d-bd8f-8da9165b2865,473a6da9-8816-48a4-959d-6cc3e200cb77
5498472a-b1bd-4a52-9687-734cdd3ed74c,b0eaac8f-e5f0-4c7b-b7c0-7b0722915d6e
e12d355b-ad1e-428d-ba3e-8373fd3a7bd8,69bab291-0764-4def-b3ed-cfd557a57204
c5f8f5c8-58d0-46aa-bbb5-44ce60315635,0dc0d9ee-8719-404e-95fb-cb983551eab5
66c268f7-ba60-443f-919d-e2c297910401,14899776-8fee-4a88-afa5-10c9e8950a82
f51ff783-cdff-4e22-94fb-28e6336d17b3,d21fc549-b210-44d7-b3fd-72a35dee9b3a
9012153e-aed6-447e-bccf-4aaf6f4bf52f,6cc8714c-39e2-4fc9-9718-ab76ca80d3cf
63410070-a9b9-46ac-bdec-92b016246795,f0f698cf-087b-47b5-94a6-6fb05e87f8e3
d2423c06-c1fe-458d-bf8a-cc24aefe3f59,21fd01fc-a7e6-4c2b-b5b5-dacd2161eddb
1e33b3be-b2ab-46e9-96e8-d4eb4bad6e44,55d59f76-1e8a-42ab-af6d-472fa719a598
b82ca0e9-eb48-4c67-b21c-a9f711521b1b,7466dcd7-7320-40ba-8adb-5d1c28720905
d0d8b615-5903-4da5-bfdf-4c06972ccf7a,fdaefe13-ebdb-4715-b6d2-73dcf4cbda3b
2a690a3e-4851-4fec-9602-44d1d477ffe8,5cdc5ce7-9ce2-478c-8f98-09b833df6844
809f6dd1-7dd8-4d79-a46d-4726c3a67128,d2023eef-6d82-4293-9126-f851b96f7199
8ee71e17-421e-43db-ad2d-cc8af6217a0d,ef76dd94-5bc1-436a-b15c-0188ac34b7de
9ec28b59-afd2-4d10-9a97-44d984123c30,5a36be0e-5351-4337-b5ae-8ace20e9edc1
7bf51cb8-4a54-4bc9-919c-8f67d9f7d0ae,1a3290d4-b2ba-484b-9d65-ce2d75e16f2f
9aa57e01-2dc2-4422-93b7-2b628326f78c,47019c05-58fd-4948-85b6-8773895381e9
99db3270-3deb-4e55-91ee-b248735ea59b,6a4557ba-ad84-4a77-8717-a3e090ae9656
134cd1b3-6509-4002-bf0e-cd84d4bf358d,571578f4-2262-4b8d-930c-2cb518db2c80
809f6dd1-7dd8-4d79-a46d-4726c3a67128,7731ce23-cebd-4043-99f0-31bd6a216936
0cb0dcea-43f4-4a34-a1c3-ac211434f660,8b7c81a9-95da-46d4-97c3-3ce56a672c06
28a83bf1-b6e5-416f-8c5a-fdc53e54f3a1,a480ca51-be60-4665-9f1d-458361099a1f
8ba4a725-4a85-42ed-9476-46e9112d63f2,146ec542-f860-498a-8260-68d130e2291b
0df6d80d-a5cc-4ae5-b93f-d608fcf78796,85e11ba1-e46c-4eec-8ea2-f29416612898
a720325d-33fa-4ab3-9435-9bc1e7d7b57b,d4d6a1fd-366d-4a3b-904f-15922b7866b0
6190896d-fefe-4852-946c-33759039973a,1c03cc35-08b0-4105-b06f-de7b052c2336
23f8fe4c-6537-4027-a334-6a5863115984,00808ed6-3f1c-4545-94dc-f0101c7c50e0
4c82b394-c401-4ce2-982e-7ab79de2bd24,0b2eeea2-4d7f-40b0-9429-611a4a4b0c8d
4a0a181c-3807-4883-8ac2-b0ddf5f46497,99379721-b05f-4b1b-8b77-57e04a3718ce
97a677bb-0fa7-4c1d-a54e-24db1fb98dd5,77791440-8b5f-478f-ab50-ee02b9edfe12
9ec28b59-afd2-4d10-9a97-44d984123c30,438bfc15-42a7-4d17-b922-18a3a9a25d0a
0cfa7e7b-f037-415d-b447-2e200458ab0f,92eaf4da-ba23-444d-8f29-0d1609b3a7a7
651ffdd6-0649-433b-8890-3a3ef1a51f55,55a9b605-0c8b-4821-8a26-31f97e36b88f
ba675c4e-f2dc-454e-9e38-d195732ed2b6,df23379d-01aa-452a-b918-8247482d9ed6
41bf9ed3-85b3-4c90-b015-150e31690253,8284847e-f62a-4bad-ab46-92819dfdbf03
7eadf6d0-2d35-410f-ad53-2635d1f830d7,a6aee90d-487d-4133-9c7a-c91c7bfb682e
5604cd6c-f153-45e7-a8e5-d75d4ab2d8d3,023d49fb-933e-454a-b684-146e65a3a3c4
8f83be5d-9857-4772-ba0a-0cd7aa18e467,2efda79b-9629-48b4-acef-03c607e3e172
47e4f61e-9b0e-431f-bd17-e534b53c655b,e0bbfe13-5222-4bcb-8173-5a61c3f0ae9c
4cc151d1-e28c-4fdf-a570-77c73d5ab813,7f9ff403-e658-4da4-b177-8c2845baa982
993f3f1d-c231-4a43-8ff0-53c0810c7f7c,02f1d18a-ddc8-4168-aaa3-a5f4fd06dc26
e0174555-0649-4c3e-b2d8-519443892039,2d9eba13-b8f4-4be8-a37b-44799e00f616
51227d50-1d22-48c8-ac32-5466d5c3d16b,706abe71-9a7d-4165-bb53-de1839b74f9f
a67bb5d4-0964-47dd-a5d5-a00ec2810400,df652e1a-c5f8-4d00-9c46-0d54e591e9ff
d17c802c-e89b-4bcd-81b1-22f8921283fe,08a9e54b-c868-41d9-9337-f6104d1b35a1
0fba290a-7320-4b1d-9c6f-c67cc1967ca9,99cda9a9-c166-4b74-906b-6290a71fbd04
50f05842-47b7-4c4e-8b23-85545a41a930,7a2a87f9-6c93-42c8-bffc-4c8f45e45bbf
7f99aef4-3884-410c-87f7-ddfb686835e9,bbe2eaee-0eba-4f48-bd1c-fa6bb0b7a240
5513d05f-d4ea-4f12-a6b9-3c91cb4c1b6f,5dcbf8ad-4e58-45de-90dd-b07536a0a11f
5aca6456-76d5-4208-84d8-a6b60228b52b,86ce7100-be2b-4ec3-a394-33082aaa1695
7daa16f8-90cb-40b8-ae76-26266fbdc556,b5d6970c-87c1-432a-9f32-75eb26a28980
2756e173-d599-4a50-8d52-df1b9492f924,a5704b2c-96b3-4ef1-9957-16c44cc0e273
b82ca0e9-eb48-4c67-b21c-a9f711521b1b,b556481d-41e3-48ce-8039-36f11ad9ef79
3cf3e697-2894-4c70-ae49-e5e8d3ca7a83,2a5e9278-b6ce-4905-92d8-fa2b9b226a57
809f6dd1-7dd8-4d79-a46d-4726c3a67128,20d6c6f6-e826-47e9-a21d-4401ef1b4f02
f03c3213-e668-40cd-b587-ff27557e55e9,82e26902-9e19-4ea8-84dc-e73bbe102d3e
e5bfb038-10b2-4e43-b1e6-fea5aae180cf,5118616d-e59c-486e-88bf-4fa31e1d55d3
1e517cb2-1ca1-45b8-964a-456366bdcdc1,50d5486e-8256-4850-a1b9-8ca57a0b8e19
e8a9d604-3288-409f-b8a7-825adb420333,2fce5853-dd89-447f-8709-c1fecd63f98c
6c1a00cb-4b59-44d6-a887-bfd7c5b3768f,2d6fe348-035b-4df0-aa0a-676592b0e3c2
758a0f31-b417-4b39-80ee-88180490b2dc,113d5378-0bb5-43e6-9722-e0681b64c16f
6a7544ec-28bf-4f81-92a4-f33b3562f11f,fb738ed1-2b46-406e-99b5-46e09ce46c2c
d26d5cce-b198-4af1-9e61-dc08cd8d7a12,cc87bdd5-7258-42ea-96d1-dc67f18699e7
599e6250-6a91-467e-91eb-c0db66ff7224,d83981f6-fafd-4c2e-8ea8-d5e1d54c8706
1e33b3be-b2ab-46e9-96e8-d4eb4bad6e44,b7788216-2269-449f-9186-fc621661d8bd
505bd3de-b1ce-4c78-bbc5-b6f47dc42c4f,0dffb03e-976b-4521-aa33-eaa88eede850
f80ba4a3-7aed-4021-b4d8-e4f50668847a,e122c46a-1fdb-4f69-8a5c-e940787ebf59
b90284bf-6b62-4bc6-8c99-5a70beb23193,212e60fb-3654-4098-9c95-5e3073a1ac9f
98dfa984-d80f-4d6e-aab8-2a392e65c813,c2d6a705-4038-4caf-8d30-05dbd003dac5
66c268f7-ba60-443f-919d-e2c297910401,7977102e-97a2-424e-8cf9-ab8a2e0d1e7d
b198f59e-0da6-4b35-b995-a02322b9dada,4e517068-5585-4f5b-8150-02669ea1aff4
6514cc81-db1c-4551-bb94-8f80cb99e085,fecca1a9-d5c3-45db-8027-e00c04971330
768b87bb-8a18-4d9c-a161-4d483c776bcf,dc639b9a-662d-47dd-8722-d0f135de0569
38741664-9b84-47df-819c-2472bdd0977e,1bb7ea29-7932-45e6-8ada-6ac80e40c589
d0d8b615-5903-4da5-bfdf-4c06972ccf7a,52e4c383-84d7-49ad-bf51-4f443097ac5a
f212abee-58c5-46ad-ae8f-b6d733e0715b,6bce3608-2a6d-4e04-bb18-c7fc11fe2112
9a58e222-f9d9-4a50-ae92-c687cc5918ec,4487ba4e-6e30-4a56-89ac-a472b1b4c38f
6363ebc9-706a-4203-b804-148cbf8810ce,d5475651-5feb-4a7b-a596-2af2a93b98c0
8bae9e1d-2df9-4ece-99bc-4e68368d40f2,68a07bb5-3183-4d34-a370-01723a15b8fb
60c45ccc-5528-42eb-85a9-7606a3d9b220,21926752-261a-47a3-baa2-f7310d1d9090
7654260e-79f9-45c5-9663-d72027cf88f3,beb01766-b020-4cea-8786-040735a27362
51adf220-1bb7-488c-9ecb-75fd5dab790e,0df36610-e8fc-4db7-a4f0-83b25de11ee3
a1c1b2d2-5629-4b8f-b764-20ea10fa588c,d650d0d0-730f-4e1f-a34b-cea4194af98e
d7d7587f-a1e9-46a4-9db5-54c95787c6f1,6c8b70a9-320d-49c1-9bd5-271114c5b314
7fa5e337-9dff-4cee-94ea-442a758a28b7,057dfa3c-6664-4d96-9f8d-22f34177969d
43c7aeb6-f28a-4524-8ef4-55113b16aa85,7292ced0-cb27-4b87-a3b3-a1aea7c6d3fd
8ae277fb-3346-4eab-9e31-c719d1d8bb3f,c69892ba-d6bb-4feb-b0c4-3c762b372faf
838325ea-4fed-4f41-bf9a-7b569d3700ab,d2a1f19a-5a1d-4c78-8258-54aa49f12e0f
730e1936-0c14-4ca4-ab8c-edc0c6b0b4b2,358e966d-bee1-4b9c-8caf-3e556a25faf9
b1846822-6c7a-4679-979a-246fbd7388c3,28425e87-33ff-41e8-ac1c-b4a96d4af122
0cc7f44d-3b26-48af-97d2-08c5a364f8a0,dbbf3d90-63ce-49d1-a86c-e93afae9bd6f
5a284490-40a3-4a14-a5c1-51a423dffad6,2daf4a4b-f14d-449b-b9ea-f59a9604fe6e
1d8d1e5b-972b-4809-bf00-64e9da59fdb2,815531b2-ff2c-4663-a458-4b91ef5b4971
6190896d-fefe-4852-946c-33759039973a,4bd12425-6512-400d-8824-af58710fcf41
d7d7587f-a1e9-46a4-9db5-54c95787c6f1,1d6cd3db-13bd-4088-8483-7217e32d71b0
41929b26-d887-42cf-97f1-1217a0a9e315,fdeb3976-0293-4836-b162-8bf4fcfb2bee
b55b50b1-aae7-47a7-b042-8aecc930073d,00a2225c-3a16-4867-914f-354bb11b069d
b6369c33-5d70-463c-8e82-95a54efa3cc8,947f1870-022f-4618-8f23-68e730798dbb
a2f3e710-3f36-46fc-bf88-c40f1356cd43,6be274ce-7849-4f0b-9936-1626c9f9e027
d1ccff36-fb09-45ac-9078-cb0225b06c19,07c9a8ad-bcd7-4c65-98fa-020cc190ff5a
8dff82c6-607a-4f61-9efa-a66d43226f8f,a1c0a6e5-5e15-423f-b3f7-5c2378ea7c40
0d6f7fba-7092-46b3-8039-93458dba736b,0486c79f-d23a-4fc9-baa7-3ed4b2aeeb86
8dce23a9-44e0-4381-a39e-2acc1edff700,73445bba-85c7-4905-8c99-f861aa2c9097
5aca6456-76d5-4208-84d8-a6b60228b52b,c0c60f66-0c77-43e9-8e01-b5b05514b519
af941ce7-e210-4891-93b2-3d5154cc37e9,d9a34c01-81aa-4c75-8e70-5ee710862774
d7d7587f-a1e9-46a4-9db5-54c95787c6f1,e660000e-d739-4ac1-a3ed-25923aa7f5d6
7b6a98e2-3c5c-4a3c-a790-8b0256f0c569,2e42e71c-9c18-425d-b601-47deceab3b7e
37275deb-3fcf-4d16-ae77-95db9899b1f3,5ee9556f-2c64-4840-8a2a-0af335ce494b
87739c1f-6199-4545-b7e6-4fa8d0af534e,7f5b5cd4-9b44-46dd-8f2a-7e88c03f8c44
8bae9e1d-2df9-4ece-99bc-4e68368d40f2,5eb57050-5e5c-417f-9748-20dc989a98e5
4a0a181c-3807-4883-8ac2-b0ddf5f46497,5e1a45d8-f44e-4355-a32f-6f201327e648
070a8b94-9234-4a39-bff0-23e0c6b74464,f31bda24-e03a-46cc-8f15-a73cb155d589
d7d7587f-a1e9-46a4-9db5-54c95787c6f1,7664ed99-bc0c-47e1-8152-a50e6143ac81
f80ba4a3-7aed-4021-b4d8-e4f50668847a,041fc326-8a49-439d-aa9f-78acb6685ce9
0cb0dcea-43f4-4a34-a1c3-ac211434f660,45ec0159-dcba-4ab7-9a17-2b39bfe9cf2b
8c75e6eb-e194-4c70-922f-623ee68bb497,64d0af87-97ec-4e49-b187-a6ef94c269f1
8c7fd839-36e4-4261-a5c2-846c243dbbb5,981750e9-9f19-4b2e-bea6-93ffbc6c1a36
60c45ccc-5528-42eb-85a9-7606a3d9b220,df7b5d5b-ae48-44be-9c53-f2c781eed79e
60c45ccc-5528-42eb-85a9-7606a3d9b220,53fafd31-2296-4699-8b0a-ebb80fd6960b
6358253c-7d52-4c0c-9e03-4acfaad1bd74,e3a93dea-1849-47b4-b85c-eb2e4691b7cd
a30271f2-1619-44e5-a1fb-b1c91b224898,ee24d741-5ba0-411d-8653-9dafb48caebd
33972815-e17a-4d6d-af1c-5417cb2fabb0,1a507cb6-2182-4b63-aa3e-f995dff499d2
6d2e7607-dbff-464e-b89f-54b8b7785b1b,ed73bb3a-d762-4f5c-80ec-74fadd72d95a
72017ba4-9cc9-45cc-89cb-ced49936b1c0,84aaa191-49c6-4de8-b2c4-046c49d16b76
b364caaf-d684-439b-bff1-0dece7f87033,52935035-626a-46f8-9e40-4e494411217a
680ae59c-60f6-4b3f-baa0-f7e895a8e578,595a97b1-e1b3-4a25-aba6-f102aadec723
2e7913cf-49f3-4c19-9a51-68860c6d73f9,85abcdcd-74dd-4a97-8133-1746f446642b
22466e99-8720-4629-9169-4469e385e4d8,d837135a-eea6-4c0a-ad9e-0ffdbb395f44
18cb41bf-d23d-4c47-a30d-3f1ef6abfb1b,44958ad7-a8e0-4198-bfe9-929f2c7197c7
74f47cf8-2839-4a56-959a-524dd0ed9e3e,b417a832-1b32-4e58-bdf5-ad98a1669cd4
8270ced8-ed85-4519-9ef7-bf1c9c316434,6946fb0d-d821-4a13-a264-60142b078d59
8a31511d-7523-41b6-8d81-565373827b19,c5b87374-ca43-4afe-929d-7219d1d0d12a
9181819e-530e-4408-9917-93c5f58d7fce,0b9fda76-c9a0-482f-8e07-04b8b488bf9c
45153c2d-728b-40e7-b147-2ac0912a916e,090fc0f3-f296-4c06-9143-2f5432dfaeac
4f02ac59-1046-4afe-981b-6f33122b2014,ea57ac13-f9ba-49e9-baa2-d89b503baa40
7fbf5fc7-3fd7-4c0a-bebd-fd82ef6ec9f3,25149804-bf1d-42c0-a600-0fe7c04e4f0a
294911be-9099-4a8f-9b8e-832d1916ba08,c63f07a9-ee53-41e7-8653-1a220f10aecf
d7086d2b-86b6-4371-a442-97da4b3396e3,a1a6bf6d-441a-4ebb-baa8-e086fe195cbf
49bb481c-95dc-4e09-a921-95f6c7f78ab8,5bf14905-36fc-4e02-a382-74d6b39e815e
71826259-dbc2-44dc-9ffa-abf8abd1514e,884d4403-1f79-47f5-a2f6-03173b6431f1
764e3630-ddac-4c21-af4b-9d32ffef082e,a2d03cdb-a34c-48fc-9041-265932108fd1
1908b4f6-3f86-4f57-a6e1-169166fa8142,7fe537ee-d674-40ad-b144-8f7453ecfb14
f63e4bb3-0e34-4ab9-8bf1-45fa94f94fe1,5a51faec-b76b-4668-b195-400c5cb551de
d1b69d7d-e3ab-4c62-ba16-ab4974a0df98,9f1faf29-fa63-42ef-845a-631f400cbc10
651ffdd6-0649-433b-8890-3a3ef1a51f55,cdc3b43a-d3fb-400e-9e9c-d0049c2b5027
acd15a6d-3248-41fb-8439-9a40aabe5608,93886f87-b16a-4a5c-af78-e4407937f107
d0fd9a2e-7924-417b-8a2f-9f85acf31330,33d74924-9a4c-4807-b924-631a197ba510
ede12bac-98d4-4fd6-823d-e8a6c578a52d,c27dd6e0-becc-45b2-8b1b-6d70964e6a13
6eabe15b-7f42-4133-9233-dfbc0e3f212d,9cd11409-d282-4a83-aba4-4ae69e8ddf67
e82485bc-2195-4cf5-9f9a-012501918b2f,8cf26103-4bc2-4f03-a829-f79ab8b2b858
49bb481c-95dc-4e09-a921-95f6c7f78ab8,420b2b8f-dff5-4eee-ba66-1974f3ef7535
86c43745-31d9-4c1a-b33f-ce3aa0042dbb,68358002-d92f-4b35-91b8-fbf58d7c59b4
c72ad70b-4925-4b59-ab69-2bb16b43753a,8cd67300-05fa-40ff-8815-86bbf12adcbf
0e129215-7c25-46c9-b04b-a0e9faabf021,25d19461-a522-4ac1-bee8-c666b2cad021
4b35ee80-d1e5-4553-a923-33d9fd531473,6f7cedc7-865c-46bb-9637-8d5b32832b41
ecd69639-52a0-4d29-af57-21bca9e0a66b,084ac2d8-6226-42f2-a9f5-d2b7afc38339
d13e941e-4cac-4f1d-bdca-77d927e31f1b,0964aa5f-0a8d-49a3-9f27-a140d336652f
5e07a437-469d-4072-9d25-ea2d144e1601,0623bd9c-893a-4cab-9552-3eebe4f99aa8
d78de075-022a-45f3-9061-45340a59a0fd,eca0f2c0-a076-4544-a645-6d771e1d64ca
58c057a8-5760-4108-b223-e276334bb8cd,ddc43bdc-5a00-4f27-bc0e-18857ba69401
eb35da90-3350-4969-9944-7744cb0bf6fb,d01e0f1d-3da1-4df1-bf18-5ff15981623a
593344cb-eda4-42fe-aed3-468969e4a676,436c923a-e101-4143-8bbe-5e5e03da2993
e27c1a12-37ca-4b72-bb77-352a151f78e9,60a593c2-63d8-4b33-957a-b267f554e5b3
134cd1b3-6509-4002-bf0e-cd84d4bf358d,4c073de7-1f84-42b7-9751-b279f9c4c416
2cbf9479-e1fa-4c75-81f6-7103e18156ca,8ffb94e9-5c4f-4e3e-8266-02a66c69effd
f8e385ef-b52f-4337-ab3b-e09080aec353,1344d4f3-4595-4873-b1ee-a2e9941421e6
070a8b94-9234-4a39-bff0-23e0c6b74464,0553dff5-20df-4b86-a3ea-58cf37551644
a0edb93b-1e95-4128-a295-6b1659149cef,e698e6c0-82a5-4237-9f2d-a98e344b6e8d
ef00f0de-a7e5-443a-9a2d-c78502a4b598,0fb606d2-0c0c-4b3a-bfa4-4b8eb555b861
5f9127e9-2d7b-4a9c-b0c6-fd3cb456d431,1795af83-c094-4209-a663-76608287e613
ad34e82f-f936-47a5-9c78-c4453dff3f60,463742cd-784e-4248-b0f9-1171d649b4a8
b8e3fb18-a48d-49f0-96bd-38cca7124b0d,c8dd6a3d-24bc-4bbc-b21f-b475470ab084
23f8fe4c-6537-4027-a334-6a5863115984,549148fc-76c7-45e5-aedb-ab43c706c952
e4f51561-5050-4b9c-87c2-c49957677fbf,974c7e9d-088b-4069-b1f0-0133ad1e3d62
e574da12-4e4c-4b78-a203-ae3719c0c4f7,1407e35c-3d53-4745-98da-d133b25cf6d7
b7d074f5-1bcc-4125-b99e-d2a858472c1f,4cff9dd4-dc66-490b-8163-6ce91c186bce
4cc151d1-e28c-4fdf-a570-77c73d5ab813,39120fd4-9b19-4584-a535-907d46da7a4a
1d2c7a35-82d0-41d7-8df3-d900f292008e,19430091-f067-41d3-90c2-1c8bd254363a
0be0e7dd-a7b1-46dc-abb3-5226ed0e2289,9bd96764-81c0-4708-b0d3-491c6cbc9e4d
8113a511-e0d9-4231-a1bc-0bf5d0212a4e,5ae8a743-04cf-44ce-8fdd-fe0ad5a38242
e574da12-4e4c-4b78-a203-ae3719c0c4f7,ca0c43d6-246e-4bba-86dd-f00e562b218e
8aa2db06-28c9-4f0d-ac2e-f4ae6053587c,7b36694a-75a1-4a86-9e91-4bf278382aba
1da7d7d7-0481-489f-b27d-98cce1ebdf43,13026566-07ac-46bc-9a2b-c4598daa510d
28a83bf1-b6e5-416f-8c5a-fdc53e54f3a1,0020c2cb-8826-4e18-a897-ccf65a67b74b
be1301a4-812c-4d88-bc36-7764d7f5b5e7,12db3b5f-ba12-4b9e-a10e-d80ab7b9c778
966ed49f-abb2-4051-a7e7-c966d9426b85,47de451d-8543-4293-8af8-fee3209da497
60275282-b076-42f7-99dc-8757c2064681,8dbda54e-38e9-4020-b2a1-dfff35d9b4b8
7180f721-a356-48cc-b6cd-dd3ab90a3566,931b3e21-43b0-4fee-95fc-a456675b8cc9
6afe5f5f-0d54-4e3a-aa07-ed4778cf1405,06754b15-cae7-48ad-a888-7bc05424de3a
27b93d96-c4b9-4a23-a3a0-061ad54deebc,a4e168f4-83db-4b69-b473-877a2b723733
e07422f9-c065-40c3-a37b-75e98dce79fe,831fb936-8fe7-4bda-8c41-ff9160888cf6
d7900be7-29f5-4643-a2e9-c16c908db39f,9e5647bf-b413-443a-a4ec-ee0096a77cb7
ad0ecbd8-4574-46e0-bf99-ba2af9139bb6,af1c7862-ce94-4348-8cb9-b8f637a16dea
e247eac1-f527-41a3-af6d-bc6a6fc69de9,21721f79-7e12-449e-aefd-255ea9da160d
6cbed6ad-fb46-4c9a-8477-75227ff3a47e,776f044f-3a95-4ec0-98c6-972b4da32f2c
7aa22c43-e4fd-4d59-9336-4e45935c379a,d88ff4d3-f5a3-42d9-954f-3bb4836def81
7fbf5fc7-3fd7-4c0a-bebd-fd82ef6ec9f3,5c619090-7fa0-4923-b152-337cb5a9cca6
c00492c7-e775-4f0a-a843-9f5bbb219dbe,174f546b-1b7b-48e9-b141-7e5cda1269b2
2c9ecac6-f875-4a9b-acc2-10bd9f6782df,86e7596a-57f1-4716-a2cb-5613d7124f67
094f3ff3-fb67-4573-9f00-0852f0409d13,6533d774-9771-48ba-a1ff-bccb9078c161
aefcf093-f5b1-41e9-b2c3-6ab33c37397b,c2e0b332-e0b5-4f0a-8596-d87f79a4c15a
c203a840-9a39-4e55-a7ab-d7c250f942e8,0d3dafbe-df06-4413-8756-c9a38481cd17
5604cd6c-f153-45e7-a8e5-d75d4ab2d8d3,989e2064-3875-4703-957f-41831ef033fc
ef00f0de-a7e5-443a-9a2d-c78502a4b598,1b069faf-0b2b-43ad-b42c-bee75c1e561c
593344cb-eda4-42fe-aed3-468969e4a676,c958a6a0-c401-462a-a101-75dda32310bc
5ee8b68e-99f1-49de-a9e3-9812485d33f4,5c216b40-816d-4020-a6af-870e55957928
58c057a8-5760-4108-b223-e276334bb8cd,3bb0553d-3bc1-4205-9aaa-07be333ffb33
2f13a0cf-1f52-4a93-817d-ba85e25ad45a,788956cc-791a-4deb-8e70-b9da2f2abb6a
d6a6ad38-f367-410f-b3e0-423df12cefa1,ea775575-5cbf-4aee-8ad7-f8021af38140
f2cc63fa-90cb-413d-92ce-003d5244a1e8,ebe37ec2-022e-4656-93aa-24330ba618eb
c85e7d0a-25c2-4202-8c24-42d0293761fd,509d1ae8-4e5a-42e0-816c-08f82217465c
ede12bac-98d4-4fd6-823d-e8a6c578a52d,56968c16-fa94-4cf8-b608-514d828c44ed
5758d639-a450-4152-901d-7a78c8715aa7,a909951e-0864-41d7-9c13-43cedfe17bee
589ed020-784b-47ac-884d-9c6ae29fd509,692fa6c0-cb53-4d37-b1e1-6857fbf533f6
d65e8b4a-f9c2-45ae-9b87-090db7e872f1,b43df672-3114-47ed-b4cc-81923055001f
5513d05f-d4ea-4f12-a6b9-3c91cb4c1b6f,d1b58015-429b-4a7f-b35a-9e9602ee64e2
d7d7587f-a1e9-46a4-9db5-54c95787c6f1,0c857f17-fb2d-4e8e-aa12-a56843884cc0
87ad3a52-6dd9-45bd-a0f2-f87453c491ed,cea1817f-c2e5-4891-a231-ee30af61228b
b8e1c2e0-1b74-4058-baa7-54f0bb392eba,8924453a-adbe-4762-acba-2177fac326a7
bdc2e585-4e48-4e36-8af1-6d859763d405,938337cb-04cf-4960-9605-faf412ff28ca
4c82b394-c401-4ce2-982e-7ab79de2bd24,402b0486-6175-4c59-b2ba-16abbfadf9b2
265e5461-e186-46e6-b95b-6767e39326db,6e6e28a4-48b6-4b58-8ba7-17b575793b0b
ecd69639-52a0-4d29-af57-21bca9e0a66b,4b9f43e2-5ec8-4ca7-91f3-483862b617b5
5daf2ed1-4d60-4098-865d-528545a79597,0377dae3-8ea4-47c9-996c-c35181283846
1df1928c-d75e-4d86-89bc-5a1be8a503d3,23a07403-3f7b-40a5-8ae9-4549479025c9
537b4f76-bc99-4d19-8786-bf5851198a14,f85a6188-85d7-4135-a6f2-e8db83913eae
7a0ba079-512a-4741-a719-8504ea3974a0,67b435bc-de27-4e55-9683-7acea5573c84
8f125553-3fd5-4370-a175-f7179db29048,f7bcdc29-5133-4466-940b-5017201a84a3
5e07a437-469d-4072-9d25-ea2d144e1601,29b6a0c4-f13e-4aa3-b644-c90618a1b22b
88cc76ce-f486-46c4-bfa1-a31809d402d7,e4b9d9e8-e975-4f6d-bad3-df1b5075c23f
6ba93f5f-3944-4e86-9942-ddd29146c7d4,ffec18ba-8662-4910-ad22-8525d054261b
bbdd88c4-fb38-40a7-9a05-df99e3d1eee2,5f3f2935-5752-4fc7-b778-d8a5593c594f
ffa223d8-026b-4e03-9fa4-eece826c31ae,45580a76-e752-4fdb-a708-237502eb388c
7eadf6d0-2d35-410f-ad53-2635d1f830d7,e5e613f1-165a-468d-9915-f853237c8aa0
0dd78530-c3bd-42b4-8654-280b824ad05c,e5406f55-ad3b-471d-a76b-e2faa934f5ea
e84bb5a1-8f79-42cc-8eb1-3a52f7c73d63,89d9ead6-b118-4808-8638-218f7baf9c53
87013407-c886-4cc5-b38a-7cad24226538,2fa12601-b693-47c6-bdad-63abfb593721
2a7ac430-c70b-4147-b72a-237f8cba9f27,da6c6ad5-80d4-4fad-9a18-cc53eeafafb8
c72ad70b-4925-4b59-ab69-2bb16b43753a,1bfda4c3-1a24-4950-a21b-1647dc473674
021b37d3-cef1-4c12-a442-257f7900c23d,db6a453f-0070-425a-8923-3c50a60dc117
c1a3f23d-e3de-40a3-8d2d-187b921b61c8,67154758-5d28-4261-8997-849dcb842716
ef00f0de-a7e5-443a-9a2d-c78502a4b598,a56033b7-3dda-4d76-a38b-4935d899113a
27b93d96-c4b9-4a23-a3a0-061ad54deebc,5e7d7dda-94df-40d7-980d-2b9830a0a69e
943a5e2c-9f11-46d7-b720-a9043b79f650,1280eb2d-aa3c-4ef3-8cdb-d8904a4f96bb
ffe5bb5c-04ed-488e-985d-d3a7b39542cf,97f4f201-4b42-487b-82c8-baa150e19fba
5545566b-c0b8-418c-83a5-a986a4657572,a2d4442f-f5f1-48d7-a18a-6c4b8eb274f4
094f3ff3-fb67-4573-9f00-0852f0409d13,ef4dcca4-9497-4368-944c-9faf9b22f8a5
528ced1f-e949-4e1a-8fee-2ffbf0be551d,a9c2539b-90ed-429b-aa08-e18bb6810562
4ea9acaa-f1dd-44c5-b610-0063b1266df1,758292b0-b817-4669-ba05-ac0055de545b
3dd02f07-587a-4deb-a8a2-f018007411d5,4cb6d7da-098a-4ec8-bf81-a52ec6292576
9aa57e01-2dc2-4422-93b7-2b628326f78c,d3e78ee9-94e3-4f24-8446-85c28e4fb7f5
73df6053-f5c6-46a6-aefc-8a109c2edd9d,1e4e780a-e78c-44b2-b5ba-257656aa30b1
809f6dd1-7dd8-4d79-a46d-4726c3a67128,690e6582-488f-4e47-96dd-0cd70e168249
cccf07c4-330a-4c98-9bf0-6155373ae7ca,73946cb6-4989-4c60-b287-29041dbe21c9
b198f59e-0da6-4b35-b995-a02322b9dada,309e5c53-98a1-4cb8-ada1-38e976f53ff0
993f3f1d-c231-4a43-8ff0-53c0810c7f7c,8aa328e2-1b46-42ed-a4b5-fd761a4da03f
9585edc6-6f54-4869-b257-036b7e7f7580,13a9008e-158d-4496-8765-b35b3343204e
8fed6a83-b08e-4ee7-933b-b819a375960f,537eea80-abdd-4495-92e4-29401147886c
44ef8268-da50-4cec-852a-8cad7e9dfa7a,8e5656d1-bd79-49fe-885a-ecb24cba3608
1d72e5bc-120e-47cd-8320-4b474c2821da,5ba85436-465b-49b9-b509-7483ec87e4fb
69951de1-74d3-4924-8e43-73f48a3d006a,2957fcff-3d81-4a5d-9697-7d696d3714fd
67d15a94-d523-4b5f-be58-03fe2ef9dcfb,ec8b6455-7193-4c8f-a904-2ad6c6aadb64
3f002cdd-1f5d-4196-a0dd-3f51f63c53bb,734adf7d-9b14-47c7-8ddb-d86160aa1acb
d79c0d2a-37de-4287-87e7-1e57576dcae7,6d91b4f2-f121-4ce0-a0b6-76ac80217468
1c2ab05c-7d69-465e-929d-0920857aedce,1bda9c1a-c139-463b-afa7-3b986938e1f9
839c8539-577b-4d33-b13d-d8cfdcdd5788,489e298b-3e09-4149-b803-3818f042b5d3
b1596c85-df27-4f9c-aad9-b3d3266a187e,f4fcdfc0-b793-414d-840e-c3fd1df4de43
3b65266a-205e-491f-be30-8828272af13e,510757f5-f48d-4ea5-a3ca-1c9a175780bc
74deb45a-ec57-4368-8178-b3f3947e4d89,804b45d5-0b0d-4a8a-8fde-28909a5ca21d
60c45ccc-5528-42eb-85a9-7606a3d9b220,83a96c05-e68b-4380-af86-1429c981b2e5
61bd66d8-e4bb-433e-a110-a2eaaeb2cf28,84b00e45-b877-4282-9559-acc94cb909b2
04c27a39-9b93-4b31-961a-c38ec6b40bbc,83057a4b-6d34-4618-9c9d-3a08707898bc
67f7f831-711a-43c8-8785-1e09005359b5,fcdbf893-cb99-41db-a066-5a6abe8c87f2
38741664-9b84-47df-819c-2472bdd0977e,76cd971c-1485-4881-83c7-b2b27378b975
87013407-c886-4cc5-b38a-7cad24226538,d2dfe279-b7d0-4695-ab86-ba879c7ad603
afcb4916-f807-4d46-be8e-5d0930d50c4b,47c17a7a-b7f1-427c-9e57-9968b9cbbda8
b6bfb00b-1430-4b28-aba8-c0b1d3541c9c,af2a80b1-9f63-4b8a-877c-ab93bc154422
6bf48d72-eba2-4918-b9a0-153280062513,81ce20da-3bd3-4ffb-b3a2-8f38ce25e01d
c3ce05d6-e4ad-4754-8b97-866cb227dba3,1dfca9e3-66c6-4d6b-936f-9b6a68f16e50
177c6304-7683-4881-bc71-3c1811df53f0,7f23f0db-4d0f-4ece-ad99-018f0a341f81
809f6dd1-7dd8-4d79-a46d-4726c3a67128,9224c235-38e9-4e10-8566-cdf8a3986912
41bf9ed3-85b3-4c90-b015-150e31690253,bab72775-6e3f-42a1-b703-2efa4a07844f
0846f41f-c23f-4c3e-9237-673180f1c44d,86e4280b-b9f3-45ba-ace5-11ab5b04179d
9d8ef1a6-70f7-4a89-8fc7-913258eb0471,fa6e68d9-5737-4536-8a63-50826413c857
e251322f-1b8a-43c4-ae82-44aaa356cd4f,f027c49b-0efd-4338-a5b2-b3e1420d90fd
45153c2d-728b-40e7-b147-2ac0912a916e,c015b907-fbbd-40bb-8e86-869bd81f5b43
5758d639-a450-4152-901d-7a78c8715aa7,5646dd0b-8476-4855-93eb-e5d5a6d7613b
f276563a-4ccc-47fc-b959-9658e1434dfd,2305a5c0-94b8-4e43-a8ef-8cd8e72fc0b1
44c0ff6c-a932-4aa7-a43a-efc58d3cf13f,a8b48f73-0688-4169-a2ba-ba520ba64187
47e4f61e-9b0e-431f-bd17-e534b53c655b,25d30e1a-bc82-4497-a503-c11e2be94527
9ecde534-710d-4bbd-beec-eafdc165405f,b67089fc-e622-43a2-9220-3717f5ab5a93
a2d7cc4c-3328-47b5-9af5-cf607b252cb2,af3010d2-c23c-4344-8761-ce01fb19f0d0
9012153e-aed6-447e-bccf-4aaf6f4bf52f,f5fe4ee0-8881-4d79-9e0b-15af23f317e8
3454cd32-76b1-4baa-88f8-7faa8c04abd1,753cd0cb-86de-41cc-a937-e6ed25fc9555
2bfcbbbc-2a16-4bd2-aaa2-e9cacd28da9a,2016505d-8e1c-4050-b968-9ee778a022de
e251322f-1b8a-43c4-ae82-44aaa356cd4f,cb4dc776-7788-46b7-a750-8056dd8addfd
ebcbaf26-62a6-4cb2-b637-b29091ca04d6,dd089645-252b-46bf-ae33-c17e82440066
8236bbcc-f11a-44f3-97bb-61f9655061cd,113f6c37-03f9-438e-8b8c-c9190339d9d0
b364caaf-d684-439b-bff1-0dece7f87033,e68f5015-b8c0-4522-89b9-1ffd510687d4
bbdd88c4-fb38-40a7-9a05-df99e3d1eee2,85377d69-c452-4fa4-acab-8b8ef92fdd7f
75e51d12-f9f2-449e-aa89-de142b508f0e,d94d5388-bd94-4d79-980d-65becb27697c
768b87bb-8a18-4d9c-a161-4d483c776bcf,c70535db-9e16-4c43-9a42-f2ec9c3984c3
fa58de48-8452-4533-82ff-e645adbb99c1,e3c9b81a-1c6a-4f85-a9f0-a3c0cc79b690
5440268e-4691-4fc0-8d0e-dcd6df18e77f,997f6ee6-b6d4-430c-9c26-71a7124e63d5
ab066af1-bfee-42da-84bb-42f7e199d0d0,689b275d-dd40-4096-89cd-889325b45f19
a00a1a4f-16c6-4360-a8b3-a3f88d2fe78f,243eb859-ec2b-4baf-96f1-0c3952862b59
b7d074f5-1bcc-4125-b99e-d2a858472c1f,cb1c5b6e-60ee-4553-999d-f1e4dcd53c3d
b198f59e-0da6-4b35-b995-a02322b9dada,53a84fd3-122d-4bb4-ab70-bc9d29727e47
9ec28b59-afd2-4d10-9a97-44d984123c30,e2769310-43c5-4b41-b723-226f17256a17
2c6c3ddb-0d21-4837-85aa-0cc6d06b79f6,c52e3aa7-a075-4116-9504-d56209450a05
f6752838-f268-4a1b-87e7-c5f30a36713c,a4ddd1fa-3bd4-443d-9114-1777406288fd
764e3630-ddac-4c21-af4b-9d32ffef082e,e4a094a7-0bda-474e-be31-2b29fc31eafd
6d057924-f9a5-4071-a0ff-82d5678fee9e,3135805a-be53-43ce-8c8d-1d5fd1f40766
e02accb9-dacc-43fd-995e-92fe9a825cc4,d3b9ad29-ac23-45de-8fe4-a11b88b76e3d
ec322614-98be-46cf-ba3d-efc87d0175ae,3730a5c0-b4af-4998-90d3-7281c6b3ee53
9b87904d-1bdd-434f-8107-477813adc7d2,0f7315bd-2920-4d7b-8914-5740d3e2879f
b9e36e5f-4dcf-49ee-a99d-8dbeaca2e84e,4f526a03-e50c-4d7f-941a-e22635666a31
9012153e-aed6-447e-bccf-4aaf6f4bf52f,694f4970-a344-484a-88d6-0332df338c4a
0a05a451-a2de-4e8e-bade-704b9857926a,c9af3ef2-5b99-4121-96fc-0c37f3676c8f
1da7d7d7-0481-489f-b27d-98cce1ebdf43,6e944531-7db3-48d0-8fb0-8f6e25d4426f
b8d8437f-4a22-4452-9d2c-60d7d9d14eac,d46a05f1-a514-40ce-b824-8cb4e317dd8b
236c4514-bfcb-41ab-ab55-d976865cc0cf,872ca77b-545f-4db7-a9e5-8b9ceb2caf52
406d9f60-417a-4dc5-a6b7-1fe4689a4ff7,cda48e65-a301-4fdd-ae68-093e1471bc69
d8ec66ab-0083-4a4d-bf44-ce85d2daad69,be6ce123-2e5f-480a-b881-e2059d3cae32
89e3e057-7225-4670-a146-a760f46fcda8,c8c16b58-d95d-4879-ac8e-a04d82223318
b96248c1-022a-4515-bae1-4ca0a18cc65d,bd0f06cf-c7b6-464b-a575-d6bb65855416
7a0ba079-512a-4741-a719-8504ea3974a0,2bd4cc4d-9c0a-4337-87a5-daea11d74fe0
1d75cba9-b818-43c5-86d6-73946f6e0b9c,191f831f-d26e-47d3-a5e1-8c75af411a88
925b7d4e-af4e-4a09-9da2-f3237c258a9f,76a2ae86-18f9-44dc-93a4-cfdec627b0a9
04c27a39-9b93-4b31-961a-c38ec6b40bbc,9c4e9b9f-c02a-4309-a9b0-dc34c16780cf
6dd05db1-df4c-4237-bcc7-46e0d2cc7266,d3e6aa5a-0155-40ba-8a2a-2259c428ba0a
a0edb93b-1e95-4128-a295-6b1659149cef,4a90c623-b116-456c-9585-38ba21899e0b
67128bf0-cf99-46bd-8915-1d9a05820d0a,9019fa5f-2227-47d9-a3b1-f77b524975f6
28a83bf1-b6e5-416f-8c5a-fdc53e54f3a1,60cd578b-3b56-4438-8c90-b1e1fe7bdc51
6bf48d72-eba2-4918-b9a0-153280062513,94784ca4-2586-402e-8885-731747d05876
5ba115b2-444a-476a-ae16-66bf1b83372f,def14f48-ac58-4119-a6fb-095033ceb313
